I_time,I_voltage,II_time,II_voltage,III_time,III_voltage,aVR_time,aVR_voltage,aVL_time,aVL_voltage,aVF_time,aVF_voltage,V1_time,V1_voltage,V2_time,V2_voltage,V3_time,V3_voltage,V4_time,V4_voltage,V5_time,V5_voltage,V6_time,V6_voltage,heart_rate_bpm
0.0,0.3548724825898739,0.0,0.325,0.0,0.31499999999999995,0.0,0.46716779597214375,0.0,0.505,0.0,0.35659514398644826,0.0,0.375,0.0,0.2951326933935629,0.0,0.2806916996047429,0.0,0.25654903067946555,0.0,0.24928665537361192,0.0,0.3361838885751928,113.20754716981132
0.002,0.3550404667795972,0.002,0.3249999999999999,0.002,0.31499999999999995,0.002,0.46431206474684733,0.002,0.5049999999999999,0.002,0.3591360813099942,0.002,0.375,0.002,0.29522021456804054,0.002,0.2769395821569733,0.002,0.25570769809900246,0.002,0.24971014492753618,0.002,0.3115791454921888,113.20754716981132
0.004,0.35512382735494863,0.004,0.3249999999999999,0.004,0.3149999999999999,0.004,0.4628949349658731,0.004,0.5049999999999999,0.004,0.36086272994739793,0.004,0.375,0.004,0.29521798567565144,0.004,0.27324927932479404,0.004,0.2547737921879798,0.004,0.25006528178152887,0.004,0.29110662030570483,113.20754716981132
0.006,0.35513926449853217,0.006,0.3249999999999999,0.006,0.31499999999999984,0.006,0.46263250352495194,0.006,0.5049999999999999,0.006,0.3618947071235399,0.006,0.375,0.006,0.29513155418189724,0.006,0.2696402072374611,0.006,0.2537685782308208,0.006,0.25034570946470247,0.006,0.27441982756628047,113.20754716981132
0.008,0.3551034783929521,0.008,0.3249999999999999,0.008,0.31499999999999984,0.008,0.4632408673198146,0.008,0.5049999999999999,0.008,0.36235163006330035,0.008,0.375,0.008,0.2949664675522798,0.008,0.2661317820242304,0.008,0.2527133215119484,0.008,0.2505450715061698,0.008,0.2611722818244555,113.20754716981132
0.01,0.3550331692208122,0.01,0.3249999999999999,0.01,0.31499999999999984,0.01,0.4644361232461918,0.01,0.5049999999999999,0.01,0.36235311599155984,0.01,0.375,0.01,0.2947282732523006,0.01,0.26274341981435795,0.01,0.2516292873157861,0.01,0.2506570114350434,0.01,0.25101749763076975,113.20754716981132
0.012,0.3549450371647167,0.012,0.3249999999999999,0.012,0.31499999999999984,0.012,0.4659343681998143,0.012,0.5049999999999999,0.012,0.36201878213319844,0.012,0.375,0.012,0.2944225187474614,0.012,0.2594945367370996,0.012,0.2505377409267568,0.012,0.2506751727804358,0.012,0.24360898953576282,113.20754716981132
0.013999999999999999,0.3548557824072698,0.013999999999999999,0.3249999999999999,0.013999999999999999,0.3149999999999999,0.013999999999999999,0.46745169907641293,0.013999999999999999,0.5049999999999999,0.013999999999999999,0.3614682457130969,0.013999999999999999,0.375,0.013999999999999999,0.294054751503264,0.013999999999999999,0.25640454892171133,0.013999999999999999,0.24945994762928395,0.013999999999999999,0.25059319907145977,0.013999999999999999,0.2386002720899744,113.20754716981132
0.016,0.35478210513107533,0.016,0.3249999999999999,0.016,0.3149999999999999,0.016,0.4687042127717185,0.016,0.5049999999999999,0.016,0.3608211239561353,0.016,0.375,0.016,0.29363051898521003,0.016,0.2534928724974491,0.016,0.2484171727077905,0.016,0.250404733837228,0.016,0.23564485984394434,113.20754716981132
0.018000000000000002,0.35474070551873754,0.018000000000000002,0.3249999999999999,0.018000000000000002,0.31499999999999995,0.018000000000000002,0.46940800618146156,0.018000000000000002,0.5049999999999999,0.018000000000000002,0.36019703408719417,0.018000000000000002,0.375,0.018000000000000002,0.29315536865880115,0.018000000000000002,0.25077892359356885,0.018000000000000002,0.2474306814466997,0.018000000000000002,0.250103420606853,0.018000000000000002,0.23439626734821226,113.20754716981132
0.02,0.35474828375286327,0.02,0.32500000000000473,0.02,0.31500000000000383,0.02,0.4692791762013747,0.02,0.505000000000002,0.02,0.35971559333115916,0.02,0.37500000000000167,0.02,0.29263484798954426,0.02,0.24828211833933117,0.02,0.24652173913044023,0.02,0.24968290290945264,0.02,0.234508009153324,113.20754716981132
0.022000000000000002,0.3549918273945762,0.022000000000000002,0.32500000000000473,0.022000000000000002,0.31500000000000383,0.022000000000000002,0.4651389342922541,0.022000000000000002,0.505000000000002,0.022000000000000002,0.35913533834586997,0.022000000000000002,0.37500000000000167,0.022000000000000002,0.29209055246813204,0.022000000000000002,0.24582706766917758,0.022000000000000002,0.24572409284080315,0.022000000000000002,0.2489424648578018,0.022000000000000002,0.23386564236679255,113.20754716981132
0.024,0.3553252696959818,0.024,0.32500000000000473,0.024,0.31500000000000383,0.024,0.45947041516835746,0.024,0.505000000000002,0.024,0.3597973193854254,0.024,0.37500000000000167,0.024,0.29144818568160047,0.024,0.2436662307943819,0.024,0.24507355344884504,0.024,0.2477917620137351,0.024,0.23551977770513852,113.20754716981132
0.026000000000000002,0.355732265446227,0.026000000000000002,0.32500000000000473,0.026000000000000002,0.31500000000000383,0.026000000000000002,0.4525514874141896,0.026000000000000002,0.505000000000002,0.026000000000000002,0.36153808434129336,0.026000000000000002,0.37500000000000167,0.026000000000000002,0.290740438051656,0.026000000000000002,0.24193036940176993,0.026000000000000002,0.24432330827068222,0.026000000000000002,0.24641876430206475,0.026000000000000002,0.23974828375286658,113.20754716981132
0.027999999999999997,0.35619646943445843,0.027999999999999997,0.32500000000000473,0.027999999999999997,0.31500000000000383,0.027999999999999997,0.44410101340307495,0.027999999999999997,0.505000000000002,0.027999999999999997,0.3641941811049416,0.027999999999999997,0.37500000000000167,0.027999999999999997,0.2900000000000052,0.027999999999999997,0.24075024517816748,0.027999999999999997,0.24366132723112688,0.027999999999999997,0.2449950964367493,0.027999999999999997,0.23961098398169953,113.20754716981132
0.03,0.35670153644982294,0.03,0.32500000000000473,0.03,0.31500000000000383,0.03,0.4352664269369096,0.03,0.505000000000002,0.03,0.3681611637790179,0.03,0.37500000000000167,0.03,0.2892595619483543,0.03,0.2399771167048102,0.03,0.24353873814972773,0.03,0.24367603792089448,0.03,0.23931677018634165,113.20754716981132
0.032,0.3572311212814673,0.032,0.32500000000000473,0.032,0.31500000000000383,0.032,0.426292906178492,0.032,0.505000000000002,0.032,0.37240601503759907,0.032,0.37500000000000167,0.032,0.2885518143184099,0.032,0.23989702517162953,0.032,0.24395554102648484,0.032,0.24288002615234278,0.032,0.23903726708075157,113.20754716981132
0.034,0.3577688787185382,0.034,0.32500000000000473,0.034,0.31500000000000383,0.034,0.4174256292906203,0.034,0.505000000000002,0.034,0.3767979731938592,0.034,0.37500000000000167,0.034,0.28790944753187836,0.034,0.23880353056554915,0.034,0.24446060804184944,0.034,0.2425743707093876,0.034,0.23920725727362513,113.20754716981132
0.036000000000000004,0.35829846355018247,0.036000000000000004,0.32500000000000473,0.036000000000000004,0.31500000000000383,0.036000000000000004,0.40890977443609294,0.036000000000000004,0.505000000000002,0.036000000000000004,0.38120627656097256,0.036000000000000004,0.37500000000000167,0.036000000000000004,0.28736515201046614,0.036000000000000004,0.2378309905197826,0.036000000000000004,0.24531709709055818,0.036000000000000004,0.24272638117032252,0.036000000000000004,0.23935926773456007,113.20754716981132
0.038,0.358803530565547,0.038,0.32500000000000473,0.038,0.31500000000000383,0.038,0.40099051977770783,0.038,0.505000000000002,0.038,0.38550016345211335,0.038,0.37500000000000167,0.038,0.2869516181758797,0.038,0.23743053285387875,0.038,0.2463370382477991,0.038,0.24358287021903124,0.038,0.23974011114744004,113.20754716981132
0.04,0.3592677345537785,0.04,0.3247204968944146,0.04,0.31500000000000383,0.04,0.3947515527950338,0.04,0.505000000000002,0.04,0.38898986596927587,0.04,0.37500000000000167,0.04,0.2867015364498255,0.04,0.23715102974828875,0.04,0.2478914677999403,0.04,0.24523537103629167,0.04,0.2403170970905587,113.20754716981132
0.042,0.35967473030402364,0.042,0.32459627329193014,0.042,0.31500000000000383,0.042,0.3891337038247823,0.042,0.505000000000002,0.042,0.39213468453743533,0.042,0.37500000000000167,0.042,0.286196469434461,0.042,0.23725563909774927,0.042,0.24909447531873724,0.042,0.24707747629944957,0.042,0.2413370382477995,113.20754716981132
0.044000000000000004,0.36000817260542933,0.044000000000000004,0.32461098398169813,0.044000000000000004,0.31500000000000383,0.044000000000000004,0.38443118666231096,0.044000000000000004,0.505000000000002,0.044000000000000004,0.3956570774763042,0.044000000000000004,0.37500000000000167,0.044000000000000004,0.28573226544622954,0.044000000000000004,0.23772801569140742,0.044000000000000004,0.24996240601504313,0.044000000000000004,0.24869074861066226,0.044000000000000004,0.24261196469435065,113.20754716981132
0.046,0.3602517162471422,0.046,0.3247482837528651,0.046,0.31500000000000383,0.046,0.3809382151029779,0.046,0.505000000000002,0.046,0.3991140895717602,0.046,0.37500000000000167,0.046,0.2853252696959844,0.046,0.2385518143184096,0.046,0.25051160509971127,0.046,0.2501078783916364,0.046,0.24369074861066317,113.20754716981132
0.048,0.3603890160183093,0.048,0.3249918273945781,0.048,0.31500000000000383,0.048,0.3792285060477312,0.048,0.505000000000002,0.048,0.4023422687152711,0.048,0.37500000000000167,0.048,0.2849918273945787,0.048,0.24026969597908307,0.048,0.2507584177835949,0.048,0.25136155606407845,0.048,0.24457338999673703,113.20754716981132
0.05,0.36040372670807713,0.05,0.32532526969598385,0.05,0.31500000000000383,0.05,0.37916149068323307,0.05,0.505000000000002,0.05,0.4051781627983047,0.05,0.37500000000000167,0.05,0.2850277868584558,0.05,0.2419957502451831,0.05,0.25071918927754727,0.05,0.2524844720496946,0.05,0.2452598888525723,113.20754716981132
0.052000000000000005,0.36027950310559276,0.052000000000000005,0.325732265446229,0.052000000000000005,0.3180745341614944,0.052000000000000005,0.38244524354364495,0.052000000000000005,0.505000000000002,0.052000000000000005,0.40745831971232893,0.052000000000000005,0.37500000000000167,0.052000000000000005,0.28501471068977324,0.052000000000000005,0.24329519450801407,0.052000000000000005,0.25124877410919155,0.052000000000000005,0.2516606734226924,0.052000000000000005,0.24575024517816885,113.20754716981132
0.054000000000000006,0.36000000000000276,0.054000000000000006,0.32619646943446035,0.054000000000000006,0.3194409937888235,0.054000000000000006,0.38721641059169987,0.054000000000000006,0.505000000000002,0.054000000000000006,0.4090192873488113,0.054000000000000006,0.37500000000000167,0.054000000000000006,0.2849852893102374,0.054000000000000006,0.24444753187316604,0.054000000000000006,0.2510591696632941,0.054000000000000006,0.2506292906178543,0.054000000000000006,0.24604445897352686,113.20754716981132
0.055999999999999994,0.36000000000000276,0.055999999999999994,0.32670153644982486,0.055999999999999994,0.3192791762013766,0.055999999999999994,0.38619810395554427,0.055999999999999994,0.505000000000002,0.055999999999999994,0.40969761359921986,0.055999999999999994,0.37500000000000167,0.055999999999999994,0.2849722131415549,0.055999999999999994,0.24545276234063904,0.055999999999999994,0.2502157567832681,0.055999999999999994,0.2500228832951998,0.055999999999999994,0.24474501471069596,113.20754716981132
0.057999999999999996,0.36000000000000276,0.057999999999999996,0.32723112128146914,0.057999999999999996,0.3177688787185391,0.057999999999999996,0.3842562929061818,0.057999999999999996,0.505000000000002,0.057999999999999996,0.4093298463550224,0.057999999999999996,0.37500000000000167,0.057999999999999996,0.28500817260543204,0.057999999999999996,0.24631088591043304,0.057999999999999996,0.24878391631252594,0.057999999999999996,0.24974338018960981,0.057999999999999996,0.24402582543315435,113.20754716981132
0.06,0.36000000000000276,0.06,0.3277688787185401,0.06,0.31508989865969633,0.06,0.38150539391958477,0.06,0.505000000000002,0.06,0.40775253350768664,0.06,0.37500000000000167,0.06,0.2846747303040263,0.06,0.24674239947695809,0.06,0.2471085322000709,0.06,0.24969271003596477,0.06,0.24380516508663574,113.20754716981132
0.062000000000000006,0.36000000000000276,0.062000000000000006,0.3282984635501845,0.062000000000000006,0.3114220333442338,0.062000000000000006,0.37805982347172606,0.062000000000000006,0.505000000000002,0.062000000000000006,0.4088623733246203,0.062000000000000006,0.37500000000000167,0.062000000000000006,0.2842677345537812,0.062000000000000006,0.2467309578293608,0.062000000000000006,0.24482020268062002,0.062000000000000006,0.24977280156914553,0.062000000000000006,0.24400130761687452,113.20754716981132
0.064,0.36000000000000276,0.064,0.328803530565549,0.064,0.3069450800915369,0.064,0.3740339980385781,0.064,0.505000000000002,0.064,0.4101274926446594,0.064,0.37500000000000167,0.064,0.28380353056554974,0.064,0.24652337365152494,0.064,0.24200065380843966,0.064,0.2518421052631631,0.064,0.24481203007519411,113.20754716981132
0.066,0.36000000000000276,0.066,0.32926773455378044,0.066,0.3018388362209911,0.066,0.36954233409611326,0.066,0.505000000000002,0.066,0.4115315462569511,0.066,0.37500000000000167,0.066,0.2832984635501853,0.066,0.2460869565217439,0.066,0.23873161163779574,0.066,0.2532101994115775,0.066,0.24711833932658336,113.20754716981132
0.068,0.36000000000000276,0.068,0.3296747303040255,0.068,0.2962830990519817,0.068,0.3646992481203043,0.068,0.505000000000002,0.068,0.41305818895064184,0.068,0.37500000000000167,0.068,0.28276887871854095,0.068,0.248463550179802,0.068,0.23470742072573297,0.068,0.25408139915005407,0.068,0.2486809414841512,113.20754716981132
0.07,0.36000000000000276,0.07,0.33000817260543114,0.07,0.29045766590389416,0.07,0.36052141222622125,0.07,0.505000000000002,0.07,0.4146910755148785,0.07,0.37500000000000167,0.07,0.2830696305982401,0.07,0.24883785550834064,0.07,0.23122262177182656,0.07,0.2546763648251113,0.07,0.24951618175875062,113.20754716981132
0.07200000000000001,0.36000000000000276,0.07200000000000001,0.33025171624714417,0.07200000000000001,0.2845423340961139,0.07200000000000001,0.3565969271003633,0.07200000000000001,0.505000000000002,0.07200000000000001,0.4155116050997101,0.07200000000000001,0.37500000000000167,0.07200000000000001,0.28570774762994966,0.07200000000000001,0.24780810722458774,0.07200000000000001,0.22849787512259484,0.07200000000000001,0.2552321019941208,0.07200000000000001,0.250091533180784,113.20754716981132
0.07400000000000001,0.36000000000000276,0.07400000000000001,0.3303890160183112,0.07400000000000001,0.27564236678653586,0.07400000000000001,0.3530728996404091,0.07400000000000001,0.505000000000002,0.07400000000000001,0.41882477933965756,0.07400000000000001,0.37500000000000167,0.07400000000000001,0.2864007845701261,0.07400000000000001,0.2457093821510343,0.07400000000000001,0.22630271330500748,0.07400000000000001,0.2555508336057586,0.07400000000000001,0.2506113108859163,113.20754716981132
0.076,0.3644720496894434,0.076,0.33040372670807916,0.076,0.2687201699901974,0.076,0.3500964367440378,0.076,0.505000000000002,0.076,0.4205132396207952,0.076,0.37500000000000167,0.076,0.2853775743707144,0.076,0.2413239620791154,0.076,0.22484145145472967,0.076,0.25571428571429083,0.076,0.25084504740111735,113.20754716981132
0.078,0.3664596273291949,0.078,0.3302795031055946,0.078,0.26377574370709844,0.078,0.3478146453089282,0.078,0.505000000000002,0.078,0.4244491663942503,0.078,0.37500000000000167,0.078,0.28286694998365974,0.078,0.2359038901601878,0.078,0.2243020594965735,0.078,0.2555246812683935,0.078,0.2508417783589467,113.20754716981132
0.08,0.3665037593984985,0.08,0.33000000000000457,0.08,0.26080908793723906,0.08,0.3463746322327596,0.08,0.505000000000002,0.08,0.4245210853220043,0.08,0.37500000000000167,0.08,0.2763027133050068,0.08,0.23076005230467966,0.08,0.22440503432494882,0.08,0.2547678980058894,0.08,0.25065053939196413,113.20754716981132
0.08199999999999999,0.36443118666231017,0.08199999999999999,0.33000000000000457,0.08199999999999999,0.2598202026806193,0.08199999999999999,0.3448496240601543,0.08199999999999999,0.505000000000002,0.08199999999999999,0.4215724092840833,0.08199999999999999,0.37500000000000167,0.08199999999999999,0.2685845047401165,0.08199999999999999,0.22639261196469934,0.08199999999999999,0.22494606080419033,0.08199999999999999,0.2533050016345263,0.08199999999999999,0.25032036613272907,113.20754716981132
0.084,0.3605197777051346,0.084,0.33000000000000457,0.084,0.2608090879372391,0.084,0.343741418764306,0.084,0.505000000000002,0.084,0.41592023537103984,0.084,0.37500000000000167,0.084,0.26210689767898565,0.084,0.2228506047728066,0.084,0.22613926119647543,0.084,0.25096436744034517,0.084,0.24944916639425246,113.20754716981132
0.086,0.35504740111147665,0.086,0.33000000000000457,0.086,0.26377574370709855,0.086,0.34623896698267786,0.086,0.505000000000002,0.086,0.40772638117032073,0.086,0.37500000000000167,0.086,0.25727198430860326,0.086,0.21990356325597113,0.086,0.22779503105590662,0.086,0.24816443282118864,0.086,0.24789800588428187,113.20754716981132
0.08800000000000001,0.3482919254658408,0.08800000000000001,0.33000000000000457,0.08800000000000001,0.26872016999019754,0.08800000000000001,0.3476740764955905,0.08800000000000001,0.505000000000002,0.08800000000000001,0.39743216737496284,0.08800000000000001,0.37500000000000167,0.08800000000000001,0.25347172278522984,0.08800000000000001,0.21775580254985816,0.08800000000000001,0.23042170644001925,0.08800000000000001,0.24530728996404583,0.08800000000000001,0.2456832298136706,113.20754716981132
0.09,0.3405312193527321,0.09,0.33000000000000457,0.09,0.2756423667865362,0.09,0.347889833278853,0.09,0.505000000000002,0.09,0.3854789146780033,0.09,0.37500000000000167,0.09,0.2512471395881067,0.09,0.21569303694018183,0.09,0.23406015037594596,0.09,0.24178489702517694,0.09,0.24325596600196753,113.20754716981132
0.092,0.3323226544622452,0.092,0.33000000000000457,0.092,0.28454233409611446,0.092,0.3474436090225601,0.092,0.505000000000002,0.092,0.3723079437724788,0.092,0.37500000000000167,0.092,0.25022066034652446,0.092,0.21441320693037463,0.092,0.23873488067996684,0.092,0.23813828048382357,0.092,0.24033671134358248,113.20754716981132
0.094,0.32350931677018907,0.094,0.33475155279503543,0.094,0.29045766590389466,0.094,0.3443576332134722,0.094,0.505000000000002,0.094,0.3583605753514264,0.094,0.37500000000000167,0.094,0.2507126511932065,0.094,0.213759398496246,0.094,0.24254168028768178,0.094,0.23697613599215958,0.094,0.23708074534162102,113.20754716981132
0.096,0.3143854200719218,0.096,0.3368633540372713,0.096,0.2962830990519822,0.096,0.34022556390977826,0.096,0.505000000000002,0.096,0.3440781301078829,0.096,0.37500000000000167,0.096,0.2527476299444323,0.096,0.2145521412226271,0.096,0.24713141549526585,0.096,0.23705622752534042,0.096,0.23390650539392574,113.20754716981132
0.098,0.3052451781628013,0.098,0.3366132723112169,0.098,0.3018388362209916,0.098,0.3352435436417169,0.098,0.505000000000002,0.098,0.32990192873488544,0.098,0.37500000000000167,0.098,0.2560542661000388,0.098,0.2164302059496621,0.098,0.2523978424321734,0.098,0.2379748283752915,0.098,0.23275743707094443,113.20754716981132
0.1,0.2963828048381855,0.1,0.33427917620137704,0.1,0.3069450800915374,0.1,0.3296077149395267,0.1,0.505000000000002,0.1,0.3162732919254707,0.1,0.37500000000000167,0.1,0.2607796665577047,0.1,0.21890813991501026,0.1,0.2579388689114148,0.1,0.24002615233737068,0.1,0.23244033998039193,113.20754716981132
0.102,0.28781301078784244,0.102,0.3301389342922565,0.102,0.31142203334423435,0.102,0.32351422033344635,0.102,0.505000000000002,0.102,0.3036335403726759,0.102,0.37500000000000167,0.102,0.26703824779340246,0.102,0.22308434128800805,0.102,0.26331971232429474,0.102,0.2434717227852294,0.102,0.23314318404708048,113.20754716981132
0.10400000000000001,0.2802647924158255,0.10400000000000001,0.32447041516835984,0.10400000000000001,0.31508989865969683,0.10400000000000001,0.31715920235371453,0.10400000000000001,0.505000000000002,0.10400000000000001,0.2924239947695379,0.10400000000000001,0.37500000000000167,0.10400000000000001,0.27491173586139855,0.10400000000000001,0.2285796011768606,0.10400000000000001,0.269066688460287,0.10400000000000001,0.24909937888199307,0.10400000000000001,0.23475809087937877,113.20754716981132
0.106,0.27401601830663963,0.106,0.3175514874141919,0.106,0.31776887871853954,0.106,0.3107388035305698,0.106,0.505000000000002,0.106,0.28308597580909345,0.106,0.37500000000000167,0.106,0.2847286694998425,0.106,0.2362553121935328,0.106,0.27523864007846277,0.106,0.2530778032036669,0.106,0.2377034978751289,113.20754716981132
0.10800000000000001,0.2693445570447895,0.10800000000000001,0.3099395227198476,0.10800000000000001,0.31927917620137697,0.10800000000000001,0.3044491663942508,0.10800000000000001,0.505000000000002,0.10800000000000001,0.27606080418437967,0.10800000000000001,0.37500000000000167,0.10800000000000001,0.29607061131089174,0.10800000000000001,0.24577476299444811,0.10800000000000001,0.28144328211834496,0.10800000000000001,0.2577247466492373,0.10800000000000001,0.23939522719843725,113.20754716981132
0.11,0.2665282772147798,0.11,0.30147760706113574,0.11,0.3191614906832338,0.11,0.29848643347499626,0.11,0.505000000000002,0.11,0.27178980058843344,0.11,0.3800310559006226,0.11,0.3086580581889564,0.11,0.25225727361883504,0.11,0.28864171297810287,0.11,0.2632134684537485,0.11,0.24196959790781933,113.20754716981132
0.11199999999999999,0.26584504740111525,0.11199999999999999,0.29245995423341437,0.11199999999999999,0.3176708074534201,0.11199999999999999,0.2930467473030447,0.11199999999999999,0.505000000000002,0.11199999999999999,0.2704347826087017,0.11199999999999999,0.3822670807453429,0.11199999999999999,0.32098071265119893,0.11199999999999999,0.2589261196469487,0.11199999999999999,0.2961033017325977,0.11199999999999999,0.26926610003269574,0.11199999999999999,0.24526315789474318,113.20754716981132
0.114,0.2675727361883007,0.114,0.2831807780320414,0.114,0.3146109839816973,0.114,0.2883262504086349,0.114,0.505000000000002,0.114,0.2725923504413269,0.114,0.38200228832952066,0.114,0.3301046093494662,0.114,0.26518306636156125,0.114,0.303221641059175,0.114,0.27560477280157436,0.114,0.2488329519450864,113.20754716981132
0.11599999999999999,0.2719892121608408,0.11599999999999999,0.273934292252375,0.11599999999999999,0.31474828375286434,0.11599999999999999,0.28452108532200526,0.11599999999999999,0.505000000000002,0.11599999999999999,0.27377247466492954,0.11599999999999999,0.3795308924485138,0.11599999999999999,0.33818568159529805,0.11599999999999999,0.27140732265446726,0.11599999999999999,0.31012095456031896,0.11599999999999999,0.28195161817587966,0.11599999999999999,0.25295031055901246,113.20754716981132
0.11800000000000001,0.27187479568486833,0.11800000000000001,0.26501471068977306,0.11800000000000001,0.3149918273945773,0.11800000000000001,0.28182739457339473,0.11800000000000001,0.505000000000002,0.11800000000000001,0.2775890813991565,0.11800000000000001,0.37542661000327027,0.11800000000000001,0.3452664269369128,0.11800000000000001,0.27888035305655934,0.11800000000000001,0.3166623079437775,0.11800000000000001,0.28802876757110674,0.11800000000000001,0.25743543641713595,113.20754716981132
0.12,0.272152664269373,0.12,0.25671624713959335,0.12,0.31532526969598296,0.12,0.28044132069304173,0.12,0.505000000000002,0.12,0.2781693363844459,0.12,0.36982837528604245,0.12,0.3514645308924537,0.12,0.2878309905197825,0.12,0.3230026152337414,0.12,0.29512749264466004,0.12,0.2621085322000714,113.20754716981132
0.122,0.27237169009480616,0.122,0.24933311539719397,0.122,0.3157322654462282,0.122,0.28055900621118496,0.122,0.505000000000002,0.122,0.2791729323308336,0.122,0.362891467799936,0.122,0.3605067015364548,0.122,0.29720006538084803,0.122,0.32999836547891936,0.122,0.30197777051324437,0.122,0.2670693036940236,113.20754716981132
0.12400000000000001,0.2727950310559046,0.12400000000000001,0.2431595292579329,0.12400000000000001,0.31619646943445967,0.12400000000000001,0.28220496894410424,0.12400000000000001,0.505000000000002,0.12400000000000001,0.28078130107879046,0.12400000000000001,0.35450800915331954,0.12400000000000001,0.37168355671788644,0.12400000000000001,0.30633213468454196,0.12400000000000001,0.33495096436744487,0.12400000000000001,0.30725073553449295,0.12400000000000001,0.2722621771820916,113.20754716981132
0.126,0.273406341941815,0.126,0.23848970251716808,0.126,0.31670153644982413,0.126,0.2856832298136695,0.126,0.505000000000002,0.126,0.28373488067996727,0.126,0.3458597580908809,0.126,0.3843641712978143,0.126,0.3154102647924201,0.126,0.34066361556064506,0.126,0.31208891794704596,0.126,0.27693363844394175,113.20754716981132
0.128,0.2744687806472743,0.128,0.23561784897025745,0.128,0.31723112128146846,0.128,0.2863517489375662,0.128,0.505000000000002,0.128,0.28719025825433786,0.128,0.3362651193200409,0.128,0.3971412226217761,0.128,0.3247580908793764,0.128,0.3436989212160879,0.128,0.31578783916312947,0.128,0.2805181431840527,113.20754716981132
0.13,0.27553121935273356,0.13,0.2348381824125589,0.13,0.3177688787185393,0.13,0.2864481856816002,0.13,0.505000000000002,0.13,0.29078783916313145,0.13,0.32568159529258106,0.13,0.4101340307290004,0.13,0.3333197123242928,0.13,0.3442611964694385,0.13,0.3176920562275295,0.13,0.28363190585159104,113.20754716981132
0.132,0.27659365805819286,0.132,0.2364449166394306,0.132,0.31829846355018365,0.132,0.28603792088918434,0.132,0.505000000000002,0.132,0.29364171297810343,0.132,0.3145178162798319,0.132,0.4212765609676401,0.132,0.33971722785224295,0.132,0.34241582216410993,0.132,0.31780156914024604,0.132,0.2863010787839217,113.20754716981132
0.134,0.27720496894410324,0.134,0.24017325923505012,0.134,0.31880353056554817,0.134,0.28518633540373156,0.134,0.505000000000002,0.134,0.29576822491010735,0.134,0.30346191565871405,0.134,0.4296256946714647,0.134,0.3458989865969305,0.134,0.3379813664596313,0.134,0.31604118993135416,0.134,0.2878702190258308,113.20754716981132
0.136,0.27762830990520165,0.136,0.23923831317424604,0.136,0.3192677345537796,0.136,0.2836793069630647,0.136,0.505000000000002,0.136,0.2971837201699962,0.136,0.2924877410918623,0.136,0.43515691402419415,0.136,0.34956031382805164,0.136,0.3324256292906218,0.136,0.3121804511278236,0.136,0.2880598234717281,113.20754716981132
0.138,0.2778473357306348,0.138,0.23797155933312153,0.138,0.31967473030402477,0.138,0.28145799280811223,0.138,0.505000000000002,0.138,0.29790454396862326,0.138,0.2820202680614604,0.138,0.44177508989866277,0.138,0.3502500817260574,0.138,0.3250898986596967,0.138,0.30699901928735285,0.138,0.2866067342268768,113.20754716981132
0.14,0.2778457012095495,0.14,0.23764465511605706,0.14,0.32000817260543046,0.14,0.2794409937888249,0.14,0.505000000000002,0.14,0.2979470415168416,0.14,0.272484472049692,0.14,0.44413206930369675,0.14,0.34782935599869547,0.14,0.3163419418110535,0.14,0.30075024517816695,0.14,0.2839784243216791,113.20754716981132
0.142,0.2767685518143223,0.142,0.23817587446878674,0.142,0.32025171624714344,0.142,0.27764465511605607,0.142,0.505000000000002,0.142,0.29648904870873444,0.142,0.26430532853874084,0.142,0.442513893429228,0.142,0.3429862700228863,0.142,0.3070169990192916,0.142,0.2938917947041559,0.142,0.28037920889179996,113.20754716981132
0.14400000000000002,0.2763550179797359,0.14400000000000002,0.23948349133704433,0.14400000000000002,0.3203890160183105,0.14400000000000002,0.2758058188950689,0.14400000000000002,0.505000000000002,0.14400000000000002,0.2942922523700618,0.14400000000000002,0.2579078130107907,0.14400000000000002,0.43725563909774695,0.14400000000000002,0.33589898659693007,0.14400000000000002,0.2977034978751269,0.14400000000000002,0.2869140241909164,0.14400000000000002,0.27602974828375815,113.20754716981132
0.146,0.27627656096764047,0.146,0.24176528277215384,0.146,0.3204037267080784,0.146,0.27437561294541213,0.146,0.505000000000002,0.146,0.2921935272965084,0.146,0.25371690094802524,0.146,0.4287414187643047,0.146,0.3275089898659724,0.146,0.2885714285714331,0.146,0.2794377247466536,0.146,0.27161817587447423,113.20754716981132
0.14800000000000002,0.27648414514547637,0.14800000000000002,0.24478424321674364,0.14800000000000002,0.32027950310559383,0.14800000000000002,0.27335403726708585,0.14800000000000002,0.505000000000002,0.14800000000000002,0.29012749264466137,0.14800000000000002,0.25215756783262816,0.14800000000000002,0.4166737495913725,0.14800000000000002,0.31762504086303034,0.14800000000000002,0.2796355017979778,0.14800000000000002,0.2725449493298508,0.14800000000000002,0.26668355671788707,113.20754716981132
0.15,0.2774877410918641,0.15,0.24842759071592618,0.15,0.3200000000000038,0.15,0.27274109186009005,0.15,0.505279503105592,0.15,0.28802876757110796,0.15,0.25365478914678324,0.15,0.40195325269696264,0.15,0.3070823798627036,0.15,0.2711899313501191,0.15,0.2663403072899686,0.15,0.262226217718214,113.20754716981132
0.152,0.27892775416803267,0.152,0.2518846028113821,0.152,0.3200000000000038,0.152,0.27365478914678504,0.152,0.5054037267080764,0.152,0.2863909774436153,0.152,0.25051323962079447,0.152,0.38568486433475296,0.152,0.29646943445570806,0.152,0.26352893102321506,0.152,0.260773128473362,0.152,0.2578179143511007,113.20754716981132
0.154,0.2799182739457378,0.154,0.2547041516835626,0.154,0.3200000000000038,0.154,0.2743559986923882,0.154,0.5053890160183085,0.154,0.2850098071265181,0.154,0.24789473684210864,0.154,0.3691941811049395,0.154,0.285956194834917,0.154,0.2569467146126235,0.154,0.256072245831976,0.154,0.2535894083033727,113.20754716981132
0.156,0.28047564563583255,0.156,0.2568862373324673,0.156,0.3200000000000038,0.156,0.27491010134031235,0.156,0.5052517162471415,0.156,0.28388525661981656,0.156,0.24593004249755165,0.156,0.35269042170644344,0.156,0.2764596273291963,0.156,0.25173749591370237,0.156,0.2524664923177557,0.156,0.2501225890814047,113.20754716981132
0.158,0.28061621444917023,0.158,0.2584308597580966,0.158,0.3200000000000038,0.158,0.2753824779339704,0.158,0.5050081726054286,0.158,0.28367276887872467,0.158,0.2447499182739492,0.158,0.3374256292906215,0.158,0.26774762994443024,0.158,0.24819548872180974,0.158,0.25018470088264627,0.158,0.24728506047728588,113.20754716981132
0.16,0.2808074534161529,0.16,0.2593380189604503,0.16,0.3200000000000038,0.16,0.2758385093167752,0.16,0.5046747303040229,0.16,0.28406668846028726,0.16,0.24403399803857823,0.16,0.32397025171625105,0.16,0.26014710689768306,0.16,0.24661490683230342,0.16,0.24945570447859275,0.16,0.24522392938869486,113.20754716981132
0.162,0.28052304674730694,0.162,0.2590487087283483,0.162,0.3200000000000038,0.162,0.2755050670153696,0.162,0.5042677345537777,0.162,0.2848855835240336,0.162,0.24372507355345238,0.162,0.31230467473030815,0.162,0.25398496240601925,0.162,0.24683883622099262,0.162,0.24870382477934472,0.162,0.24408630271331078,113.20754716981132
0.16399999999999998,0.2799509643674442,0.16399999999999998,0.2567554756456416,0.16399999999999998,0.3200000000000038,0.16399999999999998,0.2757518796992533,0.16399999999999998,0.5038035305655462,0.16399999999999998,0.28650702844067294,0.16399999999999998,0.2437495913697323,0.16399999999999998,0.3029682902909491,0.16399999999999998,0.2495881006865032,0.16399999999999998,0.2471690094802278,0.16399999999999998,0.2483082706766968,0.16399999999999998,0.24356815952926378,113.20754716981132
0.166,0.2792628309905237,0.166,0.2550343249427976,0.166,0.3200000000000038,0.166,0.27614416475973064,0.166,0.5032984635501817,0.166,0.28859431186662915,0.166,0.24446878064727398,0.166,0.29650049035633014,0.166,0.24728342595619932,0.166,0.2491990846681978,0.166,0.24895881006865503,0.166,0.2431775089898719,113.20754716981132
0.168,0.2788934292252409,0.168,0.25375449493299057,0.168,0.3200000000000038,0.168,0.2765102974828428,0.168,0.5027688787185375,0.168,0.28990846681922816,0.168,0.244610983981697,0.168,0.291636155606412,0.168,0.24649558679307415,0.168,0.24906505393920134,0.168,0.24943282118339838,0.168,0.2431203007518856,113.20754716981132
0.17,0.2783752860411938,0.17,0.2527852239293947,0.17,0.3200000000000038,0.17,0.27621118012422885,0.17,0.5022311212814665,0.17,0.29045112781955496,0.17,0.2445962732919291,0.17,0.28816279830010294,0.17,0.24627329192547043,0.17,0.2493314808761089,0.17,0.24974828375286556,0.17,0.2437577639751612,113.20754716981132
0.172,0.2779552141222661,0.172,0.25367276887872436,0.172,0.3200000000000038,0.172,0.27575678326250935,0.172,0.5017015364498222,0.172,0.28991173586139873,0.172,0.24472049689441358,0.172,0.28535142203334923,0.172,0.2466100032690468,0.172,0.249596273291931,0.172,0.24961098398169856,0.172,0.24472049689441588,113.20754716981132
0.174,0.27760052304675126,0.174,0.2536776724419803,0.174,0.3200000000000038,0.174,0.2750980712651245,0.174,0.5011964694344576,0.174,0.2888492971559395,0.174,0.24500000000000366,0.174,0.28402419091206793,0.174,0.24852402745995894,0.174,0.24972049689441547,0.174,0.24959627329193063,0.174,0.245000000000006,113.20754716981132
0.17600000000000002,0.27727852239294276,0.17600000000000002,0.2539490029421438,0.17600000000000002,0.3200000000000038,0.17600000000000002,0.27418600849951485,0.17600000000000002,0.5007322654462263,0.17600000000000002,0.28726381170317716,0.17600000000000002,0.24500000000000366,0.17600000000000002,0.28503432494279685,0.17600000000000002,0.24903726708075005,0.17600000000000002,0.2502795031055956,0.17600000000000002,0.2497204968944151,0.17600000000000002,0.245000000000006,113.20754716981132
0.17800000000000002,0.2766770186335443,0.17800000000000002,0.2539440993788877,0.17800000000000002,0.3200000000000038,0.17800000000000002,0.2734226871526695,0.17800000000000002,0.5003252696959811,0.17800000000000002,0.2851552795031118,0.17800000000000002,0.24500000000000366,0.17800000000000002,0.2886760379208945,0.17800000000000002,0.24972049689441467,0.17800000000000002,0.25040372670808003,0.17800000000000002,0.2500000000000052,0.17800000000000002,0.245000000000006,113.20754716981132
0.18,0.276198103955545,0.18,0.25476953252697526,0.18,0.3200000000000038,0.18,0.27339816933638966,0.18,0.4999918273945754,0.18,0.28224419745015344,0.18,0.24500000000000366,0.18,0.28892775416803396,0.18,0.2500000000000047,0.18,0.25038901601831215,0.18,0.2500000000000052,0.18,0.245000000000006,113.20754716981132
0.182,0.2755132396207951,0.182,0.2556685191239024,0.182,0.3200000000000038,0.182,0.27355344883949523,0.182,0.4997482837528624,0.182,0.2786858450474074,0.182,0.24500000000000366,0.182,0.2893167701863407,0.182,0.2500000000000047,0.182,0.2502517162471451,0.182,0.2500000000000052,0.182,0.245000000000006,113.20754716981132
0.184,0.27636155606407725,0.184,0.256722785223935,0.184,0.3200000000000038,0.184,0.2741680287675763,0.184,0.49961098398169534,0.184,0.27625204315136304,0.184,0.24500000000000366,0.184,0.2897204968944153,0.184,0.2502795031055948,0.184,0.2500081726054321,0.184,0.2500000000000052,0.184,0.245000000000006,113.20754716981132
0.18600000000000003,0.2776086956521779,0.18600000000000003,0.2580140568813394,0.18600000000000003,0.3200000000000038,0.18600000000000003,0.27553775743707604,0.18600000000000003,0.4995962732919275,0.18600000000000003,0.2747433801896108,0.18600000000000003,0.24500000000000366,0.18600000000000003,0.2900000000000053,0.18600000000000003,0.25040372670807926,0.18600000000000003,0.24967473030402637,0.18600000000000003,0.2500000000000052,0.18600000000000003,0.245000000000006,113.20754716981132
0.188,0.2796730957829396,0.188,0.2591729323308327,0.188,0.3200000000000038,0.188,0.2769810395554154,0.188,0.499720496894412,0.188,0.27408466819222616,0.188,0.24500000000000366,0.188,0.2900000000000053,0.188,0.25038901601831137,0.188,0.24926773455378126,0.188,0.2500000000000052,0.188,0.245000000000006,113.20754716981132
0.19,0.28252206603465585,0.19,0.2600931677018691,0.19,0.3200000000000038,0.19,0.2788264138607439,0.19,0.500000000000002,0.19,0.27430859758091525,0.19,0.24500000000000366,0.19,0.2902795031055954,0.19,0.25025171624714426,0.19,0.24880353056554982,0.19,0.2502795031055952,0.19,0.245000000000006,113.20754716981132
0.192,0.28522066034652244,0.192,0.25974991827395144,0.192,0.3200000000000038,0.192,0.2809676364825157,0.192,0.500000000000002,0.192,0.27488885256620454,0.192,0.24500000000000366,0.192,0.29040372670807985,0.192,0.2502876757110214,0.192,0.2482984635501853,0.192,0.2504037267080796,0.192,0.245000000000006,113.20754716981132
0.19399999999999998,0.2873602484472088,0.19399999999999998,0.25853056554430126,0.19399999999999998,0.3200000000000038,0.19399999999999998,0.2815102974828425,0.19399999999999998,0.500000000000002,0.19399999999999998,0.275545930042504,0.19399999999999998,0.24500000000000366,0.19399999999999998,0.29038901601831196,0.19399999999999998,0.25007845701210013,0.19399999999999998,0.24776887871854095,0.19399999999999998,0.2503890160183117,0.19399999999999998,0.245000000000006,113.20754716981132
0.196,0.289401765282776,0.196,0.2564187643020652,0.196,0.3200000000000038,0.196,0.28143347499183236,0.196,0.500000000000002,0.196,0.276510297482844,0.196,0.24500000000000366,0.196,0.2902517162471449,0.196,0.24993625367767713,0.196,0.24723112128147,0.196,0.25025171624714465,0.196,0.245000000000006,113.20754716981132
0.198,0.2912471395881046,0.198,0.25383295194508587,0.198,0.3200000000000038,0.198,0.280614579928086,0.198,0.500000000000002,0.198,0.2779797319385485,0.198,0.24500000000000366,0.198,0.2900081726054319,0.198,0.24945897352076307,0.198,0.2467015364498257,0.198,0.25000817260543173,0.198,0.245000000000006,113.20754716981132
0.2,0.2927983000980751,0.2,0.2504609349460665,0.2,0.3200000000000038,0.2,0.2786678653154675,0.2,0.500000000000002,0.2,0.2801356652500883,0.2,0.24500000000000366,0.2,0.2896747303040262,0.2,0.2486956521739177,0.2,0.24619646943446122,0.2,0.249674730304026,0.2,0.245000000000006,113.20754716981132
0.20199999999999999,0.2939571755475684,0.20199999999999999,0.24670480549199666,0.20199999999999999,0.3200000000000038,0.20199999999999999,0.27593821510297983,0.20199999999999999,0.500000000000002,0.20199999999999999,0.2828800261523438,0.20199999999999999,0.24500000000000366,0.20199999999999999,0.289267734553781,0.20199999999999999,0.2476953252697007,0.20199999999999999,0.2454527623406397,0.20199999999999999,0.24898823144819093,0.20199999999999999,0.245000000000006,113.20754716981132
0.204,0.2950768224910139,0.204,0.242858777378234,0.204,0.3200000000000038,0.204,0.2736891140895766,0.204,0.500000000000002,0.204,0.28611474338019616,0.204,0.24500000000000366,0.204,0.2888035305655495,0.204,0.24650702844067163,0.204,0.2446420398823201,0.204,0.24839980385747504,0.204,0.245000000000006,113.20754716981132
0.20600000000000002,0.29624713958810445,0.20600000000000002,0.24164432821183982,0.20600000000000002,0.3200000000000038,0.20600000000000002,0.27077803203661815,0.20600000000000002,0.500000000000002,0.20600000000000002,0.28929061784897664,0.20600000000000002,0.24500000000000366,0.20600000000000002,0.288298463550185,0.20600000000000002,0.24490029421380008,0.20600000000000002,0.24419908466819776,0.20600000000000002,0.2473504413206983,0.20600000000000002,0.245000000000006,113.20754716981132
0.20800000000000002,0.2975743707093859,0.20800000000000002,0.24186825760052894,0.20800000000000002,0.3200000000000038,0.20800000000000002,0.2673520758417833,0.20800000000000002,0.500000000000002,0.20800000000000002,0.29285223929389326,0.20800000000000002,0.24500000000000366,0.20800000000000002,0.28776887871854073,0.20800000000000002,0.2430794377247515,0.20800000000000002,0.24410755148741978,0.20800000000000002,0.2467097090552521,0.20800000000000002,0.245000000000006,113.20754716981132
0.21,0.2987299771167085,0.21,0.24328375286041784,0.21,0.3200000000000038,0.21,0.263558352402751,0.21,0.499720496894412,0.21,0.2968094148414577,0.21,0.24500000000000366,0.21,0.2872311212814698,0.21,0.2412324288983376,0.21,0.2443510951291329,0.21,0.24644491663943002,0.21,0.24444099378882586,113.20754716981132
0.212,0.3002239293886928,0.212,0.2460787839163186,0.212,0.3200000000000038,0.212,0.25954396861720014,0.212,0.4995962732919275,0.212,0.3004740111147495,0.212,0.24583850931677378,0.212,0.2867015364498255,0.212,0.23981039555410746,0.212,0.24491337038248362,0.212,0.24652337365152546,0.212,0.24419254658385692,113.20754716981132
0.214,0.30141712978097784,0.214,0.24771820856489649,0.214,0.3200000000000038,0.214,0.25545603138281,0.214,0.49961098398169546,0.214,0.3036253677672503,0.214,0.24649068322981724,0.214,0.286196469434461,0.214,0.23881333769206112,0.214,0.24605753514220902,0.214,0.24691238966983217,0.214,0.2442219679633927,113.20754716981132
0.21600000000000003,0.3018584504740147,0.21600000000000003,0.2499362536776785,0.21600000000000003,0.3200000000000038,0.21600000000000003,0.2514416475972593,0.21600000000000003,0.4997482837528624,0.21600000000000003,0.3057796665577045,0.21600000000000003,0.24657077476299805,0.21600000000000003,0.28573226544622954,0.21600000000000003,0.23824125531219842,0.21600000000000003,0.2476119646943502,0.21600000000000003,0.24785877737823347,0.21600000000000003,0.24449656750572688,113.20754716981132
0.218,0.3018273945733936,0.218,0.25232265446224866,0.218,0.3200000000000038,0.218,0.24736842105263693,0.218,0.4999918273945754,0.218,0.30718372016999607,0.218,0.24614416475972895,0.218,0.2853252696959844,0.218,0.23809414841451948,0.218,0.24897025171625276,0.218,0.24945406995750774,0.218,0.24498365478915282,113.20754716981132
0.22,0.3013403072899676,0.22,0.25516508662962345,0.22,0.3200000000000038,0.22,0.24325923504413743,0.22,0.5003252696959811,0.22,0.3076495586793127,0.22,0.24527623406342297,0.22,0.2849918273945787,0.22,0.2383720169990242,0.22,0.24997711670481096,0.22,0.25081235697941023,0.22,0.24593004249755426,113.20754716981132
0.222,0.30015037593985316,0.222,0.25873488067996675,0.222,0.3200000000000038,0.222,0.23955541026479793,0.222,0.5007322654462263,0.222,0.3071771820856548,0.222,0.244032363517493,0.222,0.2847482837528657,0.222,0.2393543641713027,0.222,0.2506489048708784,0.222,0.25194998365479426,0.222,0.24714776070611919,113.20754716981132
0.22399999999999998,0.29874141876430554,0.22399999999999998,0.26285223929389284,0.22399999999999998,0.3200000000000038,0.22399999999999998,0.2369450800915387,0.22399999999999998,0.5011964694344577,0.22399999999999998,0.30595456031383395,0.22399999999999998,0.24247793396535175,0.22399999999999998,0.2846109839816987,0.22399999999999998,0.24060640732265937,0.22399999999999998,0.25100196142530795,0.22399999999999998,0.2528832951945132,0.22399999999999998,0.24818568159529864,113.20754716981132
0.226,0.2968829682902944,0.226,0.26733736515201634,0.226,0.3200000000000038,0.226,0.23519777705132966,0.226,0.5017015364498223,0.226,0.3037348806799666,0.226,0.24067832625041224,0.226,0.2848757763975209,0.226,0.24225237005557865,0.226,0.2510526315789528,0.226,0.25362863680942005,0.226,0.24904380516509256,113.20754716981132
0.228,0.2950751879699283,0.228,0.27228996404054195,0.228,0.3200000000000038,0.228,0.23460934946061382,0.228,0.5022311212814666,0.228,0.30100196142530833,0.228,0.23869892121608727,0.228,0.28512422360248985,0.228,0.24370219025825915,0.228,0.25193527296502666,0.228,0.253922850604778,0.228,0.2497221314155012,113.20754716981132
0.23,0.29310395554103,0.23,0.2779339653481587,0.23,0.3200000000000038,0.23,0.2354593004249813,0.23,0.5027688787185375,0.23,0.29752533507682843,0.23,0.23660509970578986,0.23,0.285389016018312,0.23,0.2449885583524076,0.23,0.2519271003596001,0.23,0.25309905197777577,0.23,0.2502206603465244,113.20754716981132
0.23199999999999998,0.2910346518470124,0.23199999999999998,0.2833605753514275,0.23199999999999998,0.3200000000000038,0.23199999999999998,0.23701699901929318,0.23199999999999998,0.5032984635501817,0.23199999999999998,0.2933540372670867,0.23199999999999998,0.23446224256293277,0.23199999999999998,0.28525171624714496,0.23199999999999998,0.24614416475973022,0.23199999999999998,0.2511098398169391,0.23199999999999998,0.252445243543647,0.23199999999999998,0.2505393919581622,113.20754716981132
0.23399999999999999,0.2889326577312883,0.23399999999999999,0.2881448185681649,0.23399999999999999,0.3200000000000038,0.23399999999999999,0.23952925792743307,0.23399999999999999,0.5038035305655463,0.23399999999999999,0.2894393592677406,0.23399999999999999,0.2323357306309288,0.23399999999999999,0.28500817260543204,0.23399999999999999,0.24675057208238466,0.23399999999999999,0.2495652173913098,0.23399999999999999,0.25215920235371553,0.23399999999999999,0.2503988231448245,113.20754716981132
0.23600000000000002,0.28686335403727065,0.23600000000000002,0.29161490683230346,0.23600000000000002,0.3200000000000038,0.23600000000000002,0.24277541680288253,0.23600000000000002,0.5042677345537777,0.23600000000000002,0.2857551487414249,0.23600000000000002,0.23029094475319103,0.23600000000000002,0.2846747303040263,0.23600000000000002,0.24654462242563407,0.23600000000000002,0.24737495913697827,0.23600000000000002,0.25215920235371553,0.23600000000000002,0.24995423340961695,113.20754716981132
0.23800000000000002,0.28489212160837235,0.23800000000000002,0.2937381497221367,0.23800000000000002,0.3200000000000038,0.23800000000000002,0.24651847008826985,0.23800000000000002,0.504674730304023,0.23800000000000002,0.28257110166721766,0.23800000000000002,0.22839326577313224,0.23800000000000002,0.2842677345537812,0.23800000000000002,0.24596109839817415,0.23800000000000002,0.24462079110821075,0.23800000000000002,0.25236351748938085,0.23800000000000002,0.24962406015038185,113.20754716981132
0.24,0.28308434128800636,0.24,0.29449820202681126,0.24,0.3200000000000038,0.24,0.2505050670153701,0.24,0.5050081726054286,0.24,0.27972213141550145,0.24,0.22670807453416525,0.24,0.28380353056554974,0.24,0.24524681268388845,0.24,0.2413844393592732,0.24,0.2546469434455756,0.24,0.2493756129454129,113.20754716981132
0.242,0.2815053939195853,0.242,0.2938950637463274,0.242,0.3200000000000038,0.242,0.2549166394246542,0.242,0.5052517162471416,0.242,0.2773226544622488,0.242,0.22753677672442346,0.242,0.2832984635501853,0.242,0.2443690748610705,0.242,0.2377476299444318,0.242,0.2558842759071642,0.242,0.24917620137300367,113.20754716981132
0.244,0.2802206603465222,0.244,0.29166557698594825,0.244,0.3200000000000038,0.244,0.2592039882314537,0.244,0.5053890160183085,0.244,0.27548708728343224,0.244,0.22746649231775457,0.244,0.28276887871854095,0.244,0.24664923177509454,0.244,0.23424321673750145,0.244,0.25655933311540224,0.244,0.2489931350114477,113.20754716981132
0.24600000000000002,0.27901601830663986,0.24600000000000002,0.2887283425956247,0.24600000000000002,0.3200000000000038,0.24600000000000002,0.26308107224583743,0.24600000000000002,0.5054037267080765,0.24600000000000002,0.2743298463550243,0.24600000000000002,0.22669336384439728,0.24600000000000002,0.2830696305982401,0.24600000000000002,0.2468372016999065,0.24600000000000002,0.23002288329520015,0.24600000000000002,0.256441647597259,0.24600000000000002,0.24963223275580845,113.20754716981132
0.24800000000000003,0.2783916312520469,0.24800000000000003,0.285024517816285,0.24800000000000003,0.3200000000000038,0.24800000000000003,0.26669663288656964,0.24800000000000003,0.505279503105592,0.24800000000000003,0.2739653481529975,0.24800000000000003,0.22541353383459015,0.24800000000000003,0.2843102321019994,0.24800000000000003,0.2455475645635874,0.24800000000000003,0.22666067342269286,0.24800000000000003,0.2564825106243921,0.24800000000000003,0.24975645635829302,113.20754716981132
0.25,0.27839653481530297,0.25,0.2803399803857522,0.25,0.3200000000000038,0.25,0.26991990846682457,0.25,0.505000000000002,0.25,0.2740568813337756,0.25,0.22242562929062162,0.25,0.2843821510297535,0.25,0.24313174239948154,0.25,0.22392611964694922,0.25,0.2562046420398873,0.25,0.24938215102975422,113.20754716981132
0.252,0.2790797646289676,0.252,0.27519123896698805,0.252,0.3200000000000038,0.252,0.2726201372997765,0.252,0.505000000000002,0.252,0.2740797646289701,0.252,0.2192611964694384,0.252,0.28343249427918144,0.252,0.23828048381824593,0.252,0.22202353710363446,0.252,0.25541026479242096,0.252,0.24942791762014324,113.20754716981132
0.254,0.27958810068650275,0.254,0.26983164432821727,0.254,0.3200000000000038,0.254,0.2746665576985996,0.254,0.505000000000002,0.254,0.27420725727362527,0.254,0.2154266100032731,0.254,0.28160836874796197,0.254,0.23269695979078608,0.254,0.22086139261197069,0.254,0.2543363844393644,0.254,0.2493837855508396,113.20754716981132
0.256,0.28004576659039293,0.256,0.2645308924485181,0.256,0.3200000000000038,0.256,0.27592840797646817,0.256,0.505000000000002,0.256,0.2743167701863418,0.256,0.21219516181759157,0.256,0.27793886891141417,0.256,0.22752043151357149,0.256,0.2208744687806533,0.256,0.2534831644328263,0.256,0.2492987904544029,113.20754716981132
0.258,0.2807322654462282,0.258,0.2595750245178217,0.258,0.3200000000000038,0.258,0.2762749264465563,0.258,0.505000000000002,0.258,0.2747204968944164,0.258,0.20953416149068743,0.258,0.27263321346845915,0.258,0.22325106243871048,0.258,0.22157894736842715,0.258,0.2521690094802275,0.258,0.24922196796339274,113.20754716981132
0.26,0.28119646943445964,0.26,0.25526642693691304,0.26,0.3200000000000038,0.26,0.27602647924158735,0.26,0.505000000000002,0.26,0.2750000000000065,0.26,0.20756619810395982,0.26,0.2678228179143566,0.26,0.21965838509317281,0.26,0.22318895063746932,0.26,0.2502386400784622,0.26,0.2492023537103689,113.20754716981132
0.262,0.2817015364498241,0.262,0.2519238313174296,0.262,0.3200000000000038,0.262,0.27569140241909634,0.262,0.505000000000002,0.262,0.2750000000000065,0.262,0.2066770186335447,0.262,0.26408139915005474,0.262,0.21694671461262374,0.262,0.22562275253351383,0.262,0.2479552141222675,0.262,0.24883785550834206,113.20754716981132
0.264,0.2825106243870585,0.264,0.24943118666231356,0.264,0.3200000000000038,0.264,0.2755312193527348,0.264,0.505000000000002,0.264,0.2750000000000065,0.264,0.20680124223602916,0.264,0.2615152010460993,0.264,0.21485289310232633,0.264,0.22867440339980996,0.264,0.2454576659038955,0.264,0.24798953906506,113.20754716981132
0.266,0.2831726054266139,0.266,0.24795194508009724,0.266,0.3200000000000038,0.266,0.2753890160183117,0.266,0.505000000000002,0.266,0.2750000000000065,0.266,0.20787348806800035,0.266,0.26021412226218305,0.266,0.21409120627656622,0.266,0.23283589408303973,0.266,0.2428685845047455,0.266,0.24667374959137583,113.20754716981132
0.268,0.2836874795684902,0.268,0.2476495586793127,0.268,0.3200000000000038,0.268,0.2754037267080796,0.268,0.505000000000002,0.268,0.2750000000000065,0.268,0.20982837528604545,0.268,0.25980058842759657,0.268,0.21346355017980267,0.268,0.23813174239948307,0.268,0.2405737169009533,0.268,0.24534161490683837,113.20754716981132
0.27,0.2840552468126877,0.27,0.24823635174894335,0.27,0.3200000000000038,0.27,0.2752795031055952,0.27,0.505000000000002,0.27,0.2750000000000065,0.27,0.21260052304675156,0.27,0.2605949656750632,0.27,0.2136351748937615,0.27,0.24304511278196098,0.27,0.2386793069630651,0.27,0.24371363190585768,113.20754716981132
0.272,0.28427590715920614,0.272,0.24878555083361156,0.272,0.3200000000000038,0.272,0.27500000000000513,0.272,0.505000000000002,0.272,0.2750000000000065,0.272,0.21584504740111568,0.272,0.26262177182086227,0.272,0.21469597907813545,0.272,0.2476266753841185,0.272,0.2390961098398223,0.272,0.2419450800915393,113.20754716981132
0.27399999999999997,0.28406995750245556,0.27399999999999997,0.2493314808761091,0.27399999999999997,0.3200000000000038,0.27399999999999997,0.27500000000000513,0.27399999999999997,0.505000000000002,0.27399999999999997,0.2750000000000065,0.27399999999999997,0.21993135011442064,0.27399999999999997,0.26560967636483096,0.27399999999999997,0.21616050997058395,0.27399999999999997,0.2523929388689174,0.27399999999999997,0.24070611310886442,0.27399999999999997,0.24045439686172565,113.20754716981132
0.276,0.2835926773455415,0.276,0.24959627329193135,0.276,0.3200000000000038,0.276,0.27500000000000513,0.276,0.505000000000002,0.276,0.2752795031055965,0.276,0.2247777051324003,0.276,0.2697057862046479,0.276,0.2186760379208947,0.276,0.2573765936580641,0.276,0.24239130434783152,0.276,0.2396600196142591,113.20754716981132
0.278,0.28326250408630654,0.278,0.24972049689441578,0.278,0.3200000000000038,0.278,0.27500000000000513,0.278,0.505000000000002,0.278,0.2754037267080809,0.278,0.23002288329519863,0.278,0.2750245178162857,0.278,0.2235877737822873,0.278,0.2628571428571487,0.278,0.24533180778032582,0.278,0.23915822164106532,113.20754716981132
0.28,0.28304674730304413,0.28,0.25000000000000583,0.28,0.3200000000000038,0.28,0.27500000000000513,0.28,0.505000000000002,0.28,0.275389016018313,0.28,0.23574043805165498,0.28,0.2819271003596005,0.28,0.2306243870545983,0.28,0.2686466165413592,0.28,0.2500523046747358,0.28,0.23925956194835535,113.20754716981132
0.282,0.28291271657404765,0.282,0.25000000000000583,0.282,0.3200000000000038,0.282,0.27500000000000513,0.282,0.505000000000002,0.282,0.2752517162471459,0.282,0.24198757763975565,0.282,0.29058679306963636,0.282,0.23822491010134575,0.282,0.27454069957503036,0.282,0.2534521085322056,0.282,0.24008662961752827,113.20754716981132
0.284,0.2828277214776109,0.284,0.25027950310559594,0.284,0.3200000000000038,0.284,0.27500000000000513,0.284,0.505000000000002,0.284,0.27472866949984287,0.284,0.24519614253024266,0.284,0.2998872180451185,0.284,0.24812030075188513,0.284,0.28059823471723355,0.284,0.257134684537436,0.284,0.24174566851913007,113.20754716981132
0.28600000000000003,0.2827590715920274,0.28600000000000003,0.2504037267080803,0.28600000000000003,0.3200000000000038,0.28600000000000003,0.27500000000000513,0.28600000000000003,0.505000000000002,0.28600000000000003,0.2737119973847726,0.28600000000000003,0.2477754168028808,0.28600000000000003,0.3094573389996788,0.28600000000000003,0.25424812030075716,0.28600000000000003,0.2864269369074916,0.28600000000000003,0.26172441974502025,0.28600000000000003,0.24432657731285348,113.20754716981132
0.28800000000000003,0.28312520431513954,0.28800000000000003,0.2503890160183124,0.28800000000000003,0.3200000000000038,0.28800000000000003,0.27500000000000513,0.28800000000000003,0.505000000000002,0.28800000000000003,0.2725122589081463,0.28800000000000003,0.24916802876757502,0.28800000000000003,0.31895227198431425,0.28800000000000003,0.2608090879372396,0.28800000000000003,0.29343903236352287,0.28800000000000003,0.26666394246486314,0.28800000000000003,0.24654952598889157,113.20754716981132
0.29,0.28363027133050406,0.29,0.2502517162471454,0.29,0.3200000000000038,0.29,0.27500000000000513,0.29,0.505000000000002,0.29,0.2716868257600588,0.29,0.24953089244851642,0.29,0.32696305982347734,0.29,0.26701699901929243,0.29,0.30018960444590265,0.29,0.272110166721156,0.29,0.24926119646944073,113.20754716981132
0.292,0.28425792742726774,0.292,0.25000817260543234,0.292,0.3200000000000038,0.292,0.27500000000000513,0.292,0.505000000000002,0.292,0.2716050997057928,0.292,0.2508254331480914,0.292,0.3350441320693092,0.292,0.2725204315135716,0.292,0.3068028767571154,0.292,0.27776887871854067,0.292,0.2527329192546646,113.20754716981132
0.294,0.28499182739457724,0.294,0.24967473030402673,0.294,0.3200000000000038,0.294,0.27500000000000513,0.294,0.505000000000002,0.294,0.2721853546910821,0.294,0.2527950310559044,0.294,0.34314808761033555,0.294,0.2799378881987626,0.294,0.3131399150049087,0.294,0.28379699248120815,0.294,0.2567848970251778,113.20754716981132
0.29600000000000004,0.28581562602157956,0.29600000000000004,0.24926773455378154,0.29600000000000004,0.3200000000000038,0.29600000000000004,0.27500000000000513,0.29600000000000004,0.505000000000002,0.29600000000000004,0.27334586466166066,0.29600000000000004,0.2556194834913407,0.29600000000000004,0.35103955541026993,0.29600000000000004,0.2885044132069351,0.29600000000000004,0.32092677345538245,0.29600000000000004,0.29064727034979254,0.29600000000000004,0.2612373324615948,113.20754716981132
0.298,0.2867129780974213,0.298,0.2488035305655501,0.298,0.3200000000000038,0.298,0.27500000000000513,0.298,0.505000000000002,0.298,0.27500490356326246,0.298,0.25817423994769895,0.298,0.3598365478914727,0.298,0.2974403399803904,0.298,0.3280075187969972,0.298,0.297468126838841,0.298,0.2659104282445303,113.20754716981132
0.3,0.2876675384112494,0.3,0.24829846355018562,0.3,0.3200000000000038,0.3,0.27500000000000513,0.3,0.505000000000002,0.3,0.27791925465839157,0.3,0.26163452108532553,0.3,0.3705067015364546,0.3,0.30609022556391424,0.3,0.3344671461261895,0.3,0.3041712978097464,0.3,0.27062438705459907,113.20754716981132
0.302,0.2889424648578005,0.302,0.2477688787185413,0.302,0.3200000000000038,0.302,0.2752795031055951,0.302,0.505000000000002,0.302,0.2812618502778749,0.302,0.2650490356325631,0.302,0.38287021902583,0.302,0.3150882641386117,0.302,0.33873161163779436,0.302,0.3099869238313219,0.302,0.2754789146780053,113.20754716981132
0.304,0.29008662961752585,0.304,0.24723112128147037,0.304,0.3200000000000038,0.304,0.2754037267080796,0.304,0.505000000000002,0.304,0.28440993788820507,0.304,0.26767080745341953,0.304,0.39570774762994876,0.304,0.3244949329846395,0.304,0.34061294540699993,0.304,0.3146289637136362,0.304,0.28069794050343816,113.20754716981132
0.306,0.29064890487087663,0.306,0.24670153644982606,0.306,0.3200000000000038,0.306,0.2753890160183117,0.306,0.505000000000002,0.306,0.28692873488068615,0.306,0.2694834913370416,0.306,0.4087201699901968,0.306,0.3338296829029133,0.306,0.3405786204642081,0.306,0.3185746976136034,0.306,0.28481366459627894,113.20754716981132
0.308,0.29089244851258955,0.308,0.2459169663288715,0.308,0.3200000000000038,0.308,0.2752517162471447,0.308,0.505000000000002,0.308,0.28883458646617166,0.308,0.27075024517816604,0.308,0.41914351095129493,0.308,0.3412487741091896,0.308,0.33813501144165176,0.308,0.3209055246812724,0.308,0.28872180451128376,113.20754716981132
0.31,0.2908009153318115,0.31,0.24504903563256555,0.31,0.3200000000000038,0.31,0.27500817260543176,0.31,0.505000000000002,0.31,0.29014383785551445,0.31,0.2710199411572442,0.31,0.4294524354364205,0.31,0.3463108859104316,0.31,0.3335354691075556,0.31,0.3209071592023578,0.31,0.2914547237659419,113.20754716981132
0.312,0.2903579601176893,0.312,0.24397352075842377,0.312,0.3200000000000038,0.312,0.274674730304026,0.312,0.505000000000002,0.312,0.290872834259568,0.312,0.27029257927427586,0.312,0.436268388362213,0.312,0.34823635174894085,0.312,0.32687806472703906,0.312,0.3190470742072613,0.312,0.29324288983328417,113.20754716981132
0.314,0.28954723765936957,0.314,0.24242562929062383,0.314,0.3200000000000038,0.314,0.27398823144819084,0.314,0.505000000000002,0.314,0.2910379208891855,0.314,0.26901928734881003,0.314,0.4396992481203037,0.314,0.3471641059169696,0.314,0.3194589735207626,0.314,0.3153579601176895,0.314,0.29379045439686696,113.20754716981132
0.316,0.288524027459958,0.316,0.24209545603138893,0.316,0.3200000000000038,0.316,0.2731203007518848,0.316,0.505000000000002,0.316,0.2903759398496301,0.316,0.26693690748610976,0.316,0.4396387708401466,0.316,0.34526969597908125,0.316,0.3110706113108901,0.316,0.3094377247466533,0.316,0.2928179143511004,113.20754716981132
0.318,0.28789473684210903,0.318,0.24286858450474622,0.318,0.3200000000000038,0.318,0.2722262177182137,0.318,0.505000000000002,0.318,0.2883278849297217,0.318,0.2640617848970284,0.318,0.4356587119973876,0.318,0.34091042824452744,0.318,0.3022687152664312,0.318,0.30313991500490767,0.318,0.2903252696959844,113.20754716981132
0.32,0.28737986270023264,0.32,0.24463059823472336,0.32,0.3200000000000038,0.32,0.2717244197450199,0.32,0.505000000000002,0.32,0.2860264792415884,0.32,0.260861392611968,0.32,0.42854527623406613,0.32,0.33410918600850253,0.32,0.293190585158553,0.32,0.29636319058516275,0.32,0.2872147760706166,113.20754716981132
0.322,0.2869794050343287,0.322,0.24810559006211783,0.322,0.3200000000000038,0.322,0.2715822164105968,0.322,0.505000000000002,0.322,0.28342268715267055,0.322,0.2575400457665937,0.322,0.4182314481856844,0.322,0.3247335730630957,0.322,0.2842693690748656,0.322,0.28914677999346616,0.322,0.2834112455050723,113.20754716981132
0.324,0.2869728669499874,0.324,0.25215429879046036,0.324,0.3200000000000038,0.324,0.2717669172932382,0.324,0.505000000000002,0.324,0.28046747303040837,0.324,0.25431840470742406,0.324,0.4045112781954916,0.324,0.31518633540373,0.324,0.2759545603138327,0.324,0.281825760052309,0.324,0.27913533834587,113.20754716981132
0.326,0.28720496894410313,0.326,0.2566639424648636,0.326,0.3200000000000038,0.326,0.2722458319712376,0.326,0.505000000000002,0.326,0.2778424321673813,0.326,0.2514334749918308,0.326,0.3885485452762371,0.326,0.3047499182739491,0.326,0.26826086956522216,0.326,0.27520268061458436,0.326,0.2746240601503813,113.20754716981132
0.32799999999999996,0.2872572736188334,0.32799999999999996,0.26082379862700805,0.32799999999999996,0.3200000000000038,0.32799999999999996,0.27354527623406855,0.32799999999999996,0.505000000000002,0.32799999999999996,0.27570284406669476,0.32799999999999996,0.24868747956848988,0.32799999999999996,0.3720709382151062,0.32799999999999996,0.29474338018960794,0.32799999999999996,0.26148251062439193,0.32799999999999996,0.268931023210204,0.32799999999999996,0.2701307616868312,113.20754716981132
0.33,0.28716247139588474,0.33,0.26418273945734455,0.33,0.3200000000000038,0.33,0.2747629944426334,0.33,0.505000000000002,0.33,0.2746878064727098,0.33,0.24661327231121632,0.33,0.35542661000327247,0.33,0.2846224256292943,0.33,0.25591369728670005,0.33,0.2636744033998086,0.33,0.2659251389342978,113.20754716981132
0.332,0.28695325269696353,0.332,0.26674076495587357,0.332,0.3200000000000038,0.332,0.2758989865969323,0.332,0.505000000000002,0.332,0.27458319712324925,0.332,0.24502942137953926,0.332,0.3395717554756492,0.332,0.2751323962079149,0.332,0.2518486433475043,0.332,0.259382151029753,0.332,0.26229323308271235,113.20754716981132
0.334,0.2866623079437762,0.334,0.2684978751225947,0.334,0.3200000000000038,0.334,0.2769532526969649,0.334,0.505000000000002,0.334,0.27475645635829327,0.334,0.24403399803857823,0.334,0.3250604772801608,0.334,0.2667554756456398,0.334,0.24958156260216288,0.334,0.2562830990519826,0.334,0.2590863027133106,113.20754716981132
0.336,0.28604282445243917,0.336,0.269454069957508,0.336,0.3200000000000038,0.336,0.2776462896371414,0.336,0.505000000000002,0.336,0.2753056554429614,0.336,0.24372507355345238,0.336,0.3123079437724788,0.336,0.2595390650539433,0.336,0.24940666884603346,0.336,0.25460608041844224,0.336,0.2564351095129184,113.20754716981132
0.33799999999999997,0.28528277214776443,0.33799999999999997,0.2696093494606136,0.33799999999999997,0.3200000000000038,0.33799999999999997,0.27841288002615744,0.33799999999999997,0.505000000000002,0.33799999999999997,0.276328865642373,0.33799999999999997,0.2437495913697323,0.33799999999999997,0.3015740438051694,0.33799999999999997,0.2538100686498898,0.33799999999999997,0.24936253677672982,0.33799999999999997,0.2536776724419794,0.33799999999999997,0.2544704151683614,113.20754716981132
0.34,0.28483327884930093,0.34,0.26700719189278105,0.34,0.3200000000000038,0.34,0.2792366786531597,0.34,0.505000000000002,0.34,0.2779241582216473,0.34,0.24446878064727398,0.34,0.2933981693363889,0.34,0.24989539065054373,0.34,0.2497057862046475,0.34,0.2533507682249151,0.34,0.2533229813664654,113.20754716981132
0.342,0.2846943445570486,0.342,0.2646910755148798,0.342,0.3200000000000038,0.342,0.27982183720170506,0.342,0.505000000000002,0.342,0.27883622098725697,0.342,0.244610983981697,0.342,0.2883197123242936,0.342,0.24812193527296947,0.342,0.2496338672768934,0.342,0.25344557044786375,0.342,0.2531235697940562,113.20754716981132
0.344,0.2841353383458685,0.344,0.2625465838509373,0.344,0.3200000000000038,0.344,0.28013566525008693,0.344,0.505000000000002,0.344,0.2790503432494342,0.344,0.2445962732919291,0.344,0.28507355344884433,0.344,0.24791435109513366,0.344,0.24946060804184925,0.344,0.2537495913697337,0.344,0.2535518143184106,113.20754716981132
0.34600000000000003,0.28385420071919315,0.34600000000000003,0.2604593004249812,0.34600000000000003,0.3200000000000038,0.34600000000000003,0.28040863027133556,0.34600000000000003,0.505000000000002,0.34600000000000003,0.2786907486106633,0.34600000000000003,0.24472049689441358,0.34600000000000003,0.28344720496894904,0.34600000000000003,0.24832134684537893,0.34600000000000003,0.24935926773455935,0.34600000000000003,0.2544687806472754,0.34600000000000003,0.25364825106244454,113.20754716981132
0.348,0.283818241255316,0.348,0.25971232428898905,0.348,0.3200000000000038,0.348,0.28059169663289163,0.348,0.505000000000002,0.348,0.2780369401765345,0.348,0.24500000000000366,0.348,0.2822605426610054,0.348,0.24843412880026616,0.348,0.24920725727362436,0.348,0.25461098398169846,0.348,0.2543167701863413,113.20754716981132
0.35000000000000003,0.28399476953253083,0.35000000000000003,0.258468453743059,0.35000000000000003,0.3200000000000038,0.35000000000000003,0.28063582870219533,0.35000000000000003,0.505000000000002,0.35000000000000003,0.27708891794704776,0.35000000000000003,0.24500000000000366,0.35000000000000003,0.2835011441647649,0.35000000000000003,0.24844393592677816,0.35000000000000003,0.2493167701863409,0.35000000000000003,0.2545962732919306,0.35000000000000003,0.2547204968944158,113.20754716981132
0.35200000000000004,0.284071592023541,0.35200000000000004,0.2571624713958866,0.35200000000000004,0.3200000000000038,0.35200000000000004,0.2804919908466869,0.35200000000000004,0.505000000000002,0.35200000000000004,0.2758466819222031,0.35200000000000004,0.24500000000000366,0.35200000000000004,0.28341941811049887,0.35200000000000004,0.24866459627329662,0.35200000000000004,0.24972049689441547,0.35200000000000004,0.25472049689441506,0.35200000000000004,0.25500000000000583,113.20754716981132
0.354,0.28445080091533564,0.354,0.25598234717228413,0.354,0.3197204968944138,0.354,0.28011114743380694,0.354,0.505000000000002,0.354,0.2740307289964103,0.354,0.24500000000000366,0.354,0.2837920889179523,0.354,0.249285714285719,0.354,0.25000000000000555,0.354,0.25500000000000517,0.354,0.25500000000000583,113.20754716981132
0.35600000000000004,0.28508336057535527,0.35600000000000004,0.2562226217718265,0.35600000000000004,0.3195962732919293,0.35600000000000004,0.27989539065054436,0.35600000000000004,0.505000000000002,0.35600000000000004,0.27179633867277525,0.35600000000000004,0.24500000000000366,0.35600000000000004,0.28395554102648457,0.35600000000000004,0.25038901601831137,0.35600000000000004,0.25000000000000555,0.35600000000000004,0.25500000000000517,0.35600000000000004,0.25500000000000583,113.20754716981132
0.358,0.28609186008499893,0.358,0.2568796992481259,0.358,0.31961098398169724,0.358,0.27998365478915177,0.358,0.505000000000002,0.358,0.26973357306309886,0.358,0.24500000000000366,0.358,0.283927754168034,0.358,0.25025171624714426,0.358,0.25000000000000555,0.358,0.25500000000000517,0.358,0.2552795031055959,113.20754716981132
0.36,0.28759888852566584,0.36,0.258067996077155,0.36,0.31974828375286424,0.36,0.2810902255639147,0.36,0.505000000000002,0.36,0.2688836220987315,0.36,0.24500000000000366,0.36,0.28431677018634066,0.36,0.2500081726054313,0.36,0.25000000000000555,0.36,0.25500000000000517,0.36,0.25540372670808037,113.20754716981132
0.36200000000000004,0.2895554102647963,0.36200000000000004,0.2599019287348863,0.36200000000000004,0.3199918273945772,0.36200000000000004,0.282066034651852,0.36200000000000004,0.505000000000002,0.36200000000000004,0.268687479568493,0.36200000000000004,0.24500000000000366,0.36200000000000004,0.28472049689441525,0.36200000000000004,0.24967473030402562,0.36200000000000004,0.25000000000000555,0.36200000000000004,0.25500000000000517,0.36200000000000004,0.2553890160183125,113.20754716981132
0.364,0.2919123896698306,0.364,0.2611425302386458,0.364,0.32032526969598296,0.364,0.28322327558025995,0.364,0.505000000000002,0.364,0.26914514547238316,0.364,0.24500000000000366,0.364,0.28500000000000536,0.364,0.24926773455378043,0.364,0.25000000000000555,0.364,0.25500000000000517,0.364,0.25525171624714543,113.20754716981132
0.36600000000000005,0.2938901601830702,0.36600000000000005,0.26224256292906756,0.36600000000000005,0.3207322654462281,0.36600000000000005,0.28415985616214945,0.36600000000000005,0.505000000000002,0.36600000000000005,0.26969761359922206,0.36600000000000005,0.24500000000000366,0.36600000000000005,0.28500000000000536,0.36600000000000005,0.248803530565549,0.36600000000000005,0.25000000000000555,0.36600000000000005,0.25527950310559516,0.36600000000000005,0.25500817260543246,113.20754716981132
0.368,0.29568649885583903,0.368,0.26217718208565466,0.368,0.32119646943445956,0.368,0.28548381824126023,0.368,0.505000000000002,0.368,0.270483818241262,0.368,0.24500000000000366,0.368,0.28500000000000536,0.368,0.2482984635501845,0.368,0.25000000000000555,0.368,0.2556832298136697,0.368,0.2546747303040268,113.20754716981132
0.37,0.2974828375286078,0.37,0.2613337692056285,0.37,0.3217015364498241,0.37,0.28575187969925303,0.37,0.505000000000002,0.37,0.2721690094802289,0.37,0.24500000000000366,0.37,0.28500000000000536,0.37,0.2480483818241302,0.37,0.25000000000000555,0.37,0.2557927427263862,0.37,0.2542677345537817,113.20754716981132
0.37200000000000005,0.2991811049362574,0.37200000000000005,0.25997548218372596,0.37200000000000005,0.32223112128146836,0.37200000000000005,0.28513729977117197,0.37200000000000005,0.505000000000002,0.37200000000000005,0.2739571755475711,0.37200000000000005,0.24500000000000366,0.37200000000000005,0.28500000000000536,0.37200000000000005,0.24763484798954374,0.37200000000000005,0.25000000000000555,0.37200000000000005,0.25564073226545125,0.37200000000000005,0.2538035305655503,113.20754716981132
0.374,0.3006832298136683,0.374,0.25808597580909365,0.374,0.3227688787185393,0.374,0.2839849624060199,0.374,0.505000000000002,0.374,0.27602974828375926,0.374,0.24500000000000366,0.374,0.28500000000000536,0.374,0.24709055246813155,0.374,0.25000000000000555,0.374,0.2552598888525713,0.374,0.25329846355018576,113.20754716981132
0.376,0.3018911408957212,0.376,0.2553694017652885,0.376,0.32329846355018366,0.376,0.28192546583851413,0.376,0.505000000000002,0.376,0.2785518143184111,0.376,0.24500000000000366,0.376,0.28500000000000536,0.376,0.2464481856816,0.376,0.25000000000000555,0.376,0.2546829029094526,0.376,0.2527688787185414,113.20754716981132
0.378,0.30315789473684573,0.378,0.2522441974501528,0.378,0.3238035305655481,0.378,0.27949166394246977,0.378,0.505000000000002,0.378,0.2814089571755541,0.378,0.24500000000000366,0.378,0.28500000000000536,0.378,0.24574043805165566,0.378,0.25000000000000555,0.378,0.25366296175221165,0.378,0.2522311212814705,113.20754716981132
0.38,0.3045733899967346,0.38,0.24811866623080006,0.38,0.32426773455377955,0.38,0.277061131088596,0.38,0.505000000000002,0.38,0.2844867603792154,0.38,0.24500000000000366,0.38,0.28500000000000536,0.38,0.24500000000000477,0.38,0.24972049689441547,0.38,0.2523880353056607,0.38,0.25170153644982624,113.20754716981132
0.38200000000000006,0.3057927427263848,0.38200000000000006,0.24670807453416732,0.38200000000000006,0.3246747303040247,0.38200000000000006,0.2738623733246208,0.38200000000000006,0.505000000000002,0.38200000000000006,0.2879503105590125,0.38200000000000006,0.24500000000000366,0.38200000000000006,0.28500000000000536,0.38200000000000006,0.24425956194835396,0.38200000000000006,0.249596273291931,0.38200000000000006,0.25102974828375807,0.38200000000000006,0.2511964694344617,113.20754716981132
0.384,0.3070300751879735,0.384,0.24626021575678908,0.384,0.32500817260543047,0.384,0.27047728015691896,0.384,0.505000000000002,0.384,0.2918094148414578,0.384,0.24500000000000366,0.384,0.28500000000000536,0.384,0.24299280810722942,0.384,0.2496109839816989,0.384,0.24974338018960973,0.384,0.25073226544623023,113.20754716981132
0.386,0.30823635174894104,0.386,0.24724256292906768,0.386,0.3252517162471434,0.386,0.26705295848316934,0.386,0.505000000000002,0.386,0.29537593984963023,0.386,0.24500000000000366,0.386,0.28500000000000536,0.386,0.24210199411572894,0.386,0.249748283752866,0.386,0.2489473684210578,0.386,0.250045766590395,113.20754716981132
0.38799999999999996,0.3093788819875811,0.38799999999999996,0.24967146126185624,0.38799999999999996,0.32538901601831044,0.38799999999999996,0.2633017325923554,0.38799999999999996,0.505000000000002,0.38799999999999996,0.29842922523701154,0.38799999999999996,0.24611801242236386,0.38799999999999996,0.28500000000000536,0.38799999999999996,0.24130761686826246,0.38799999999999996,0.24999182739457892,0.38799999999999996,0.24860902255639616,0.38799999999999996,0.2493085975809148,113.20754716981132
0.39,0.31026969597908155,0.39,0.2507486106570834,0.39,0.3254037267080784,0.39,0.2593870545930092,0.39,0.505000000000002,0.39,0.3007649558679367,0.39,0.24689440993789172,0.39,0.28500000000000536,0.39,0.24104445897352567,0.39,0.2506047728015747,0.39,0.24869565217391823,0.39,0.24867603792089527,113.20754716981132
0.392,0.3107371690094836,0.392,0.2523962079110881,0.392,0.32527950310559384,0.392,0.2554723765936632,0.392,0.505000000000002,0.392,0.30191565871200343,0.392,0.24695979078130456,0.392,0.28500000000000536,0.392,0.24129617522066527,0.392,0.2514154952598945,0.392,0.2491745668519176,0.392,0.24856652500817875,113.20754716981132
0.394,0.3107976462896405,0.394,0.2542203334423074,0.394,0.3250000000000038,0.394,0.2514416475972591,0.394,0.505000000000002,0.394,0.3021444916639485,0.394,0.2463958810068685,0.394,0.28500000000000536,0.394,0.24159529257927925,0.394,0.2522687152664324,0.394,0.25057208237986783,0.394,0.24894736842105872,113.20754716981132
0.396,0.31048381824125865,0.396,0.25680451127820136,0.396,0.3250000000000038,0.396,0.2473340961098451,0.396,0.505000000000002,0.396,0.30145145472377183,0.396,0.24528440666884951,0.396,0.28500000000000536,0.396,0.24218862373325112,0.396,0.2527459954233464,0.396,0.25226544622426145,0.396,0.2497858777378288,113.20754716981132
0.39799999999999996,0.3093935926773489,0.39799999999999996,0.25972213141550116,0.39799999999999996,0.3250000000000038,0.39799999999999996,0.2436073880353111,0.39799999999999996,0.505000000000002,0.39799999999999996,0.30002451781628575,0.39799999999999996,0.2437070938215138,0.39799999999999996,0.28500000000000536,0.39799999999999996,0.24360248447205457,0.39799999999999996,0.2528800261523428,0.39799999999999996,0.2540993788819928,0.39799999999999996,0.2516083687479629,113.20754716981132
0.4,0.3080271330500197,0.4,0.2632608695652233,0.4,0.3250000000000038,0.4,0.2409660019614308,0.4,0.505000000000002,0.4,0.29806799607715523,0.4,0.2417456685191275,0.4,0.28500000000000536,0.4,0.24493461915659198,0.4,0.252703497875128,0.4,0.25565544295521925,0.4,0.25306145799281404,113.20754716981132
0.402,0.30617031709709397,0.402,0.2672572736188355,0.402,0.3250000000000038,0.402,0.23874468780647834,0.402,0.505000000000002,0.402,0.2953514220333501,0.402,0.23948185681595652,0.402,0.2852795031055954,0.402,0.24646453089245332,0.402,0.2519695979078185,0.402,0.2569663288656474,0.402,0.2544083033671194,113.20754716981132
0.40399999999999997,0.30388852566198443,0.40399999999999997,0.27154789146780567,0.40399999999999997,0.3250000000000038,0.40399999999999997,0.2376904217064457,0.40399999999999997,0.505000000000002,0.40399999999999997,0.2919238313174299,0.40399999999999997,0.2369973847662671,0.40399999999999997,0.28540372670807995,0.40399999999999997,0.24775743707094297,0.40399999999999997,0.25030728996404605,0.40399999999999997,0.2580647270349838,0.40399999999999997,0.2559120627656157,113.20754716981132
0.406,0.3012471395881041,0.406,0.2762487741091918,0.406,0.3250000000000038,0.406,0.2375237005557429,0.406,0.505000000000002,0.406,0.28783425956195424,0.406,0.23437397842432528,0.406,0.285389016018312,0.406,0.24882968290291416,0.406,0.2490372670807509,0.406,0.2584243216737547,0.406,0.2571216083687539,113.20754716981132
0.408,0.2987626675384147,0.408,0.28132069303694573,0.408,0.3250000000000038,0.408,0.23894246485780243,0.408,0.505000000000002,0.408,0.28403399803858065,0.408,0.23169336384439732,0.408,0.28525171624714496,0.408,0.24969761359922016,0.408,0.2481268388362266,0.408,0.25849624060150883,0.408,0.2580369401765342,113.20754716981132
0.41000000000000003,0.2962373324615923,0.41000000000000003,0.28630598234717775,0.41000000000000003,0.3250000000000038,0.41000000000000003,0.2410117685518201,0.41000000000000003,0.505000000000002,0.41000000000000003,0.2804968944099439,0.41000000000000003,0.22903726708074912,0.41000000000000003,0.28500817260543204,0.41000000000000003,0.2503775743707141,0.41000000000000003,0.24754331480876665,0.41000000000000003,0.2578130107878443,0.41000000000000003,0.2586580581889565,113.20754716981132
0.41200000000000003,0.2937528604119028,0.41200000000000003,0.29077966655770393,0.41200000000000003,0.3250000000000038,0.41200000000000003,0.24377410918601428,0.41200000000000003,0.505000000000002,0.41200000000000003,0.2770415168355732,0.41200000000000003,0.22648741418764679,0.41200000000000003,0.2846747303040263,0.41200000000000003,0.25015527950311034,0.41200000000000003,0.24921052631579507,0.41200000000000003,0.25705622752534024,0.41200000000000003,0.25758744687807067,113.20754716981132
0.414,0.2913909774436126,0.414,0.29406995750245707,0.414,0.3250000000000038,0.414,0.247427263811709,0.414,0.505000000000002,0.414,0.2742170644001369,0.414,0.22412553121935655,0.414,0.28398823144819113,0.414,0.24974501471069452,0.414,0.2500523046747359,0.414,0.256176855181437,0.414,0.2569990192873548,113.20754716981132
0.41600000000000004,0.2892334096109876,0.41600000000000004,0.29597254004577184,0.41600000000000004,0.3250000000000038,0.41600000000000004,0.25143837855508905,0.41600000000000004,0.505000000000002,0.41600000000000004,0.2718584504740173,0.41600000000000004,0.22231284733573445,0.41600000000000004,0.28339980385747515,0.41600000000000004,0.24913043478261346,0.41600000000000004,0.2501503759398552,0.41600000000000004,0.255125858123575,0.41600000000000004,0.25681104936254273,113.20754716981132
0.418,0.2870823798627039,0.418,0.2964710689767948,0.418,0.3250000000000038,0.418,0.25598888525662544,0.418,0.505000000000002,0.418,0.27008009153318696,0.418,0.2229323308270714,0.418,0.2829094475318786,0.418,0.2482951945080139,0.418,0.24958646616541907,0.418,0.2538542007191945,0.418,0.25694181104936853,113.20754716981132
0.42,0.28545439686172325,0.42,0.29556554429552645,0.42,0.3250000000000038,0.42,0.2609807126511989,0.42,0.505000000000002,0.42,0.2689964040536185,0.42,0.22260379208892164,0.42,0.2825171624714013,0.42,0.24834096109840287,0.42,0.24816279830010357,0.42,0.25304347826087475,0.42,0.257309578293566,113.20754716981132
0.42200000000000004,0.28441484145145846,0.42200000000000004,0.2937234390323686,0.42200000000000004,0.3250000000000038,0.42200000000000004,0.26541353383459204,0.42200000000000004,0.505000000000002,0.42200000000000004,0.2687218045112845,0.42200000000000004,0.22155606407323025,0.42200000000000004,0.28334096109840345,0.42200000000000004,0.24807126511932465,0.42200000000000004,0.2462880026152393,0.42200000000000004,0.2526773455377626,0.42200000000000004,0.257832625040869,113.20754716981132
0.424,0.2840290944753225,0.424,0.2908859104282496,0.424,0.3250000000000038,0.424,0.26971559333115946,0.424,0.505000000000002,0.424,0.2689195815626085,0.424,0.22001797973194226,0.424,0.2839212160836928,0.424,0.2466655769859478,0.424,0.2446338672768934,0.424,0.25249264465512117,0.424,0.25898823144819166,113.20754716981132
0.42600000000000005,0.2839114089571793,0.42600000000000005,0.28728996404054125,0.42600000000000005,0.3250000000000038,0.42600000000000005,0.2737561294540754,0.42600000000000005,0.505000000000002,0.42600000000000005,0.26906505393920216,0.42600000000000005,0.21570284406669235,0.42600000000000005,0.28388852566198625,0.42600000000000005,0.2451078783916359,0.42600000000000005,0.24296992481203575,0.42600000000000005,0.2526936907486158,0.42600000000000005,0.26038411245505644,113.20754716981132
0.428,0.2843903236351787,0.428,0.28273782281791954,0.428,0.3250000000000038,0.428,0.2769532526969652,0.428,0.505000000000002,0.428,0.2693314808761097,0.428,0.2121935272965062,0.428,0.28332461588755015,0.428,0.24295357960118147,0.428,0.24150049035633125,0.428,0.25305001634521596,0.428,0.26155279503106166,113.20754716981132
0.43,0.2850637463223314,0.43,0.2773112128146506,0.43,0.3250000000000038,0.43,0.27943935926773994,0.43,0.505000000000002,0.43,0.26959627329193186,0.43,0.2086368094148456,0.43,0.2823112128146505,0.43,0.2399297155933359,0.43,0.24041353383459227,0.43,0.2536106570774815,0.43,0.262665903890166,113.20754716981132
0.43200000000000005,0.28579274272638505,0.43200000000000005,0.27199411572409815,0.43200000000000005,0.3250000000000038,0.43200000000000005,0.2810673422687206,0.43200000000000005,0.505000000000002,0.43200000000000005,0.26972049689441635,0.43200000000000005,0.20540372670807883,0.43200000000000005,0.2795325269696032,0.43200000000000005,0.23691238966983158,0.43200000000000005,0.2394295521412284,0.43200000000000005,0.25442464857797176,0.43200000000000005,0.26391140895718135,113.20754716981132
0.434,0.28642203334423394,0.434,0.2667930696306036,0.434,0.3250000000000038,0.434,0.28169009480222823,0.434,0.505000000000002,0.434,0.2700000000000064,0.434,0.20317587446878502,0.434,0.27668519123897234,0.434,0.23441811049363026,0.434,0.23851585485453353,0.434,0.25554102647924676,0.434,0.2650424975482241,113.20754716981132
0.436,0.2872311212814684,0.436,0.26201046093495156,0.436,0.3250000000000038,0.436,0.2816116377901327,0.436,0.505000000000002,0.436,0.2700000000000064,0.436,0.20162471395881446,0.436,0.2743592677345594,0.436,0.23223275580255476,0.436,0.2378865642366845,0.436,0.2561065707747681,0.436,0.2660918600850009,113.20754716981132
0.438,0.2877688787185393,0.438,0.2575138934292307,0.438,0.3250000000000038,0.438,0.281323962079116,0.438,0.505000000000002,0.438,0.2700000000000064,0.438,0.20113599215430322,0.438,0.272677345537763,0.438,0.2308564890487137,0.438,0.2374599542334154,0.438,0.2562455050670205,0.438,0.2670921869892179,113.20754716981132
0.44,0.2882984635501836,0.44,0.2539016018306692,0.44,0.3250000000000038,0.44,0.28107224583197643,0.44,0.505000000000002,0.44,0.2700000000000064,0.44,0.20164432821183836,0.44,0.27174566851912957,0.44,0.2291565871199789,0.44,0.23730957829356591,0.44,0.2555067015364549,0.44,0.267173913043484,113.20754716981132
0.44200000000000006,0.2888035305655481,0.44200000000000006,0.25105753514220897,0.44200000000000006,0.3250000000000038,0.44200000000000006,0.2806832298136698,0.44200000000000006,0.505000000000002,0.44200000000000006,0.2700000000000064,0.44200000000000006,0.203084341288007,0.44200000000000006,0.2716541353383515,0.44200000000000006,0.22786368094148923,0.44200000000000006,0.23721314154953188,0.44200000000000006,0.2543085975809139,0.44200000000000006,0.2668960444589793,113.20754716981132
0.444,0.2895472376593696,0.444,0.24914514547238228,0.444,0.3250000000000038,0.444,0.2802795031055952,0.444,0.505000000000002,0.444,0.2702795031055964,0.444,0.20511114743380632,0.444,0.2720251716247197,0.444,0.22668192219680147,0.444,0.2380974174566911,0.444,0.25249427917620654,0.444,0.2662585812357037,113.20754716981132
0.446,0.2900784570120993,0.446,0.2483278849297213,0.446,0.3250000000000038,0.446,0.28000000000000513,0.446,0.505000000000002,0.446,0.27040372670808094,0.446,0.2080941484145189,0.446,0.273179143510957,0.446,0.22601340307290477,0.446,0.24106080418437992,0.446,0.2506047728015743,0.446,0.2648103955541083,113.20754716981132
0.44799999999999995,0.290397188623737,0.44799999999999995,0.24831807780320944,0.44799999999999995,0.3250000000000038,0.44799999999999995,0.28000000000000513,0.44799999999999995,0.505000000000002,0.44799999999999995,0.270389016018313,0.44799999999999995,0.2116721150702887,0.44799999999999995,0.27514056881334337,0.44799999999999995,0.22596436744034515,0.44799999999999995,0.24504249754822427,0.44799999999999995,0.2498953906505446,0.44799999999999995,0.2625351422033401,113.20754716981132
0.45,0.29050343249428295,0.45,0.24864007845701785,0.45,0.3250000000000038,0.45,0.28000000000000513,0.45,0.505000000000002,0.45,0.270251716247146,0.45,0.2161981039555453,0.45,0.2776381170317154,0.45,0.22662471395881525,0.45,0.2502386400784629,0.45,0.24946224256293437,0.45,0.25957175547565137,113.20754716981132
0.452,0.29011768551814693,0.452,0.24906505393920164,0.452,0.3250000000000038,0.452,0.28000000000000513,0.452,0.505000000000002,0.452,0.27000817260543303,0.452,0.22157404380516932,0.452,0.28081889506375196,0.452,0.2283474991827447,0.452,0.25681268388362793,0.452,0.24956685191239486,0.452,0.2563223275580313,113.20754716981132
0.454,0.2893952271984347,0.454,0.2493314808761091,0.454,0.3250000000000038,0.454,0.28000000000000513,0.454,0.505000000000002,0.454,0.2696747303040274,0.454,0.22714285714286137,0.454,0.28479731938542574,0.454,0.23148577966656292,0.454,0.2620169990192932,0.454,0.2501748937561347,0.454,0.2547139588100746,113.20754716981132
0.456,0.28875449493298844,0.456,0.24959627329193135,0.456,0.3250000000000038,0.456,0.28000000000000513,0.456,0.505000000000002,0.456,0.26926773455378217,0.456,0.23339653481530323,0.456,0.2901062438705516,0.456,0.23567832625041374,0.456,0.2676364825106302,0.456,0.25177835894083567,0.456,0.25325760052305263,113.20754716981132
0.45799999999999996,0.28816279830010183,0.45799999999999996,0.24972049689441578,0.45799999999999996,0.3250000000000038,0.45799999999999996,0.28000000000000513,0.45799999999999996,0.505000000000002,0.45799999999999996,0.26880353056555073,0.45799999999999996,0.24018796992481617,0.45799999999999996,0.2968110493625424,0.45799999999999996,0.2408434128800313,0.45799999999999996,0.273483164432827,0.45799999999999996,0.2544017652827775,0.45799999999999996,0.25255966001962016,113.20754716981132
0.46,0.28803857469761734,0.46,0.25000000000000583,0.46,0.3250000000000038,0.46,0.28000000000000513,0.46,0.505000000000002,0.46,0.26801896044459617,0.46,0.24402419091206684,0.46,0.304789146779999,0.46,0.24689931350114921,0.46,0.27963223275580823,0.46,0.25777378228179687,0.46,0.2530385746976196,113.20754716981132
0.462,0.2880859758090917,0.462,0.25000000000000583,0.462,0.3250000000000038,0.462,0.28000000000000513,0.462,0.505000000000002,0.462,0.26652664269369714,0.462,0.24628800261523778,0.462,0.31418110493625917,0.462,0.2483262504086354,0.462,0.28615887544949875,0.462,0.26186989212161377,0.462,0.2543821510297543,113.20754716981132
0.46399999999999997,0.28828865642367163,0.46399999999999997,0.25000000000000583,0.46399999999999997,0.3250000000000038,0.46399999999999997,0.28000000000000513,0.46399999999999997,0.505000000000002,0.46399999999999997,0.2650719189277608,0.46399999999999997,0.24755475645636224,0.46399999999999997,0.32035632559660576,0.46399999999999997,0.2502860411899365,0.46399999999999997,0.29332625040863564,0.46399999999999997,0.26674076495587323,0.46399999999999997,0.25643347499183333,113.20754716981132
0.466,0.2886302713305039,0.466,0.25000000000000583,0.466,0.3250000000000038,0.466,0.28000000000000513,0.466,0.505000000000002,0.466,0.26419581562602823,0.466,0.24749754821837588,0.466,0.3272392938868966,0.466,0.25353546910755675,0.466,0.30024844720497423,0.466,0.2724207257273671,0.466,0.25911082052959095,113.20754716981132
0.46799999999999997,0.2890944753187354,0.46799999999999997,0.25000000000000583,0.46799999999999997,0.3250000000000038,0.46799999999999997,0.28000000000000513,0.46799999999999997,0.505000000000002,0.46799999999999997,0.26425138934292924,0.46799999999999997,0.24984962406015418,0.46799999999999997,0.33444589735208113,0.46799999999999997,0.2580843412880078,0.46799999999999997,0.307049689440999,0.46799999999999997,0.27866459627329715,0.46799999999999997,0.2619565217391365,113.20754716981132
0.47000000000000003,0.28966492317751275,0.47000000000000003,0.25000000000000583,0.47000000000000003,0.3250000000000038,0.47000000000000003,0.28000000000000513,0.47000000000000003,0.505000000000002,0.47000000000000003,0.2651405688133444,0.47000000000000003,0.2528179143510989,0.47000000000000003,0.3417309578293613,0.47000000000000003,0.26321183393266284,0.47000000000000003,0.3135910428244575,0.47000000000000003,0.2852271984308648,0.47000000000000003,0.26538247793397124,113.20754716981132
0.47200000000000003,0.29032526969598277,0.47200000000000003,0.25000000000000583,0.47200000000000003,0.3250000000000038,0.47200000000000003,0.28000000000000513,0.47200000000000003,0.505000000000002,0.47200000000000003,0.26676528277215444,0.47200000000000003,0.2556963059823509,0.47200000000000003,0.34937561294541214,0.47200000000000003,0.2702647924158272,0.47200000000000003,0.3197499182739507,0.47200000000000003,0.29186335403727204,0.47200000000000003,0.2692415822164166,113.20754716981132
0.474,0.29105916966329237,0.474,0.25000000000000583,0.474,0.3250000000000038,0.474,0.28000000000000513,0.474,0.505000000000002,0.474,0.2693069630598301,0.474,0.2596273291925502,0.474,0.35901438378555584,0.474,0.27844720496894904,0.474,0.32542007191893263,0.474,0.2994458973520806,0.474,0.2733867276887931,113.20754716981132
0.47600000000000003,0.29185027786858825,0.47600000000000003,0.25000000000000583,0.47600000000000003,0.3250000000000038,0.47600000000000003,0.28000000000000513,0.47600000000000003,0.505000000000002,0.47600000000000003,0.27335076822491666,0.47600000000000003,0.26317587446878415,0.47600000000000003,0.3696126185027835,0.47600000000000003,0.28708728342596096,0.47600000000000003,0.333306636155611,0.47600000000000003,0.30654952598888985,0.47600000000000003,0.277670807453422,113.20754716981132
0.478,0.2929617522066072,0.478,0.25000000000000583,0.478,0.3250000000000038,0.478,0.28000000000000513,0.478,0.505000000000002,0.478,0.27735534488395547,0.478,0.26655606407323,0.478,0.3805557371690141,0.478,0.29708237986270486,0.478,0.33909610983982136,0.478,0.31240438051651315,0.478,0.2822262177182142,113.20754716981132
0.48,0.29394246485780035,0.48,0.25000000000000583,0.48,0.3250000000000038,0.48,0.2805590062111853,0.48,0.505000000000002,0.48,0.28114906832298764,0.48,0.26928407976463237,0.48,0.39404053612292034,0.48,0.30759071592023973,0.48,0.3428473357306351,0.48,0.31670807453416583,0.48,0.28703007518797546,113.20754716981132
0.48200000000000004,0.29479241582216775,0.48200000000000004,0.25000000000000583,0.48200000000000004,0.3250000000000038,0.48200000000000004,0.2808074534161542,0.48200000000000004,0.505000000000002,0.48200000000000004,0.2842971559333178,0.48200000000000004,0.27089244851258915,0.48200000000000004,0.40696959790781695,0.48200000000000004,0.3178358940830378,0.48200000000000004,0.3443886891140936,0.48200000000000004,0.31962569467146545,0.48200000000000004,0.2913615560640787,113.20754716981132
0.484,0.2955116050997095,0.484,0.25000000000000583,0.484,0.3250000000000038,0.484,0.2807780320366184,0.484,0.505000000000002,0.484,0.2868159529257989,0.484,0.2713648251062471,0.484,0.4188623733246195,0.484,0.32727852239294264,0.484,0.34348970251716654,0.484,0.32191402419091614,0.484,0.2949673095782989,113.20754716981132
0.48600000000000004,0.2956489048708765,0.48600000000000004,0.25000000000000583,0.48600000000000004,0.3250000000000038,0.48600000000000004,0.2805034324942843,0.48600000000000004,0.505000000000002,0.48600000000000004,0.28827067669173545,0.48600000000000004,0.27113599215430206,0.48600000000000004,0.4288852566198138,0.48600000000000004,0.3354445897352112,0.48600000000000004,0.3401242236024885,0.48600000000000004,0.32239130434783014,0.48600000000000004,0.29761033017326455,113.20754716981132
0.488,0.2954674730304058,0.488,0.24944099378882578,0.488,0.3250000000000038,0.488,0.2800163452108583,0.488,0.505000000000002,0.488,0.2889408303367175,0.488,0.2699264465511637,0.488,0.4354642039882346,0.488,0.34136645962733264,0.488,0.33484145145472777,0.488,0.3209823471722826,0.488,0.299069957502457,113.20754716981132
0.49,0.29495096436744406,0.49,0.2486335403726767,0.49,0.3250000000000038,0.49,0.27906995750245683,0.49,0.505000000000002,0.49,0.2879879045439748,0.49,0.26818731611638114,0.49,0.43842759071592313,0.49,0.3447319385420105,0.49,0.328223275580259,0.49,0.317456685191243,0.49,0.2993135011441699,113.20754716981132
0.49200000000000005,0.29380353056554803,0.49200000000000005,0.24757600523047338,0.49200000000000005,0.3250000000000038,0.49200000000000005,0.2778522392938919,0.49200000000000005,0.505000000000002,0.49200000000000005,0.28643674403400426,0.49200000000000005,0.2656554429552173,0.49200000000000005,0.43810395554102927,0.49200000000000005,0.34653481529912056,0.49200000000000005,0.3203416149068363,0.49200000000000005,0.3125939849624101,0.49200000000000005,0.29849624060150887,113.20754716981132
0.494,0.29205622752533883,0.494,0.24750735534488988,0.494,0.3250000000000038,0.494,0.27653481529912244,0.494,0.505000000000002,0.494,0.2846730957829419,0.494,0.26234717227852566,0.494,0.4343282118339355,0.494,0.3454707420725759,0.494,0.31175220660346936,0.494,0.30664759725400864,0.494,0.2963386727688838,113.20754716981132
0.49600000000000005,0.291168682576009,0.49600000000000005,0.2483131742399537,0.49600000000000005,0.3250000000000038,0.49600000000000005,0.2755524681268439,0.49600000000000005,0.505000000000002,0.49600000000000005,0.28263157894737473,0.49600000000000005,0.25918110493625696,0.49600000000000005,0.4274354364171325,0.49600000000000005,0.34115397188624047,0.49600000000000005,0.30259235044132504,0.49600000000000005,0.300075187969929,0.49600000000000005,0.29329192546584365,113.20754716981132
0.498,0.2908123569794088,0.498,0.24987904543969208,0.498,0.3250000000000038,0.498,0.27488885256620316,0.498,0.505000000000002,0.498,0.2802468126838899,0.498,0.25637790127492976,0.498,0.4178097417456714,0.498,0.33364988558352726,0.498,0.2932951945080135,0.498,0.2929159856162186,0.498,0.28999509643674926,113.20754716981132
0.5,0.2909382151029786,0.5,0.25264955867931294,0.5,0.3250000000000038,0.5,0.27452762340634707,0.5,0.505000000000002,0.5,0.27773291925466465,0.5,0.2532886564236712,0.5,0.40515364498202316,0.5,0.323023864007849,0.5,0.28431023210199863,0.5,0.28550506701536876,0.5,0.286389342922529,113.20754716981132
0.502,0.29289473684210904,0.502,0.2564792415822223,0.502,0.3250000000000038,0.502,0.2744524354364222,0.502,0.505000000000002,0.502,0.2753203661327294,0.502,0.24999509643674744,0.502,0.38991663942465166,0.502,0.3093412880026185,0.502,0.27565217391304814,0.502,0.2786449820202725,0.502,0.2822605426610056,113.20754716981132
0.504,0.29445897352076206,0.504,0.2602615233736573,0.504,0.3250000000000038,0.504,0.27464694344557555,0.504,0.505000000000002,0.504,0.2738950637463286,0.504,0.24748120300752224,0.504,0.3721134357633246,0.504,0.2985322000653843,0.504,0.26761523373652,0.504,0.2724403399803903,0.504,0.27812520431514104,113.20754716981132
0.506,0.2956636155606444,0.506,0.264087937234396,0.506,0.3250000000000038,0.506,0.2756538084341339,0.506,0.505000000000002,0.506,0.2733981693363907,0.506,0.24530238640078808,0.506,0.35609839816933986,0.506,0.2881431840470778,0.506,0.2604936253677722,0.506,0.26684047074207723,0.506,0.2746878064727089,113.20754716981132
0.508,0.29654135338346227,0.508,0.26707257273619384,0.508,0.3250000000000038,0.508,0.27658711997385277,0.508,0.505000000000002,0.508,0.2733687479568549,0.508,0.24357306309251744,0.508,0.3402484472049726,0.508,0.27837692056227903,0.508,0.2545815626021626,0.508,0.26207420725727826,0.508,0.27150375939850163,113.20754716981132
0.51,0.2971248774109222,0.51,0.26923177508990415,0.51,0.3250000000000038,0.51,0.27746322327558537,0.51,0.505000000000002,0.51,0.27364171297810364,0.51,0.24240764955868294,0.51,0.3256440013076207,0.51,0.26928081072246224,0.51,0.2501732592350493,0.51,0.2583703824779387,0.51,0.2686874795684919,113.20754716981132
0.512,0.2974468780647306,0.512,0.2705818895063801,0.512,0.3250000000000038,0.512,0.27829846355018484,0.512,0.505000000000002,0.512,0.27433148087610965,0.512,0.241920562275257,0.512,0.31311866623079854,0.512,0.2616328865642408,0.512,0.24756292906179014,0.512,0.2559578293560035,0.512,0.2663533834586521,113.20754716981132
0.514,0.2972605426610039,0.514,0.27113926119647486,0.514,0.3250000000000038,0.514,0.27882968290291454,0.514,0.505000000000002,0.514,0.2755524681268451,0.514,0.24222621771821223,0.514,0.3026364825106287,0.514,0.25549689440994205,0.514,0.2470447858777432,0.514,0.2550653808434178,0.514,0.26461588754495485,113.20754716981132
0.516,0.29675384112455416,0.516,0.2703612291598616,0.516,0.3250000000000038,0.516,0.2792285060477331,0.516,0.505000000000002,0.516,0.276967963386734,0.516,0.2420856489048746,0.516,0.29472049689441443,0.516,0.2512160836874839,0.516,0.24891304347826637,0.516,0.2541173586139311,0.516,0.26358940830337274,113.20754716981132
0.518,0.2960983981693401,0.518,0.26745668519124466,0.518,0.3250000000000038,0.518,0.2799297155933362,0.518,0.505000000000002,0.518,0.27715102974829003,0.518,0.24195161817587818,0.518,0.2898937561294587,0.518,0.24913370382478375,0.518,0.24895063746322876,0.518,0.2534929715593381,0.518,0.26338836220987816,113.20754716981132
0.52,0.29527786858450844,0.52,0.26501797973194413,0.52,0.3250000000000038,0.52,0.28091696632887075,0.52,0.505000000000002,0.52,0.2768012422360311,0.52,0.24170153644982395,0.52,0.28867930696306465,0.52,0.24823962079111273,0.52,0.24918110493625917,0.52,0.25343085975809587,0.52,0.26367603792089483,113.20754716981132
0.522,0.2945390650539429,0.522,0.2629306963059881,0.522,0.3250000000000038,0.522,0.2812716574043856,0.522,0.505000000000002,0.522,0.2757633213468517,0.522,0.24119646943445947,0.522,0.2875400457665953,0.522,0.24786204642040344,0.522,0.24935926773455935,0.522,0.25387381497221817,0.522,0.26392775416803443,113.20754716981132
0.524,0.293849297155937,0.524,0.2610804184374036,0.524,0.3250000000000038,0.524,0.2815037593985013,0.524,0.505000000000002,0.524,0.2743167701863417,0.524,0.24073226544622797,0.524,0.28756292906178993,0.524,0.24799444262831455,0.524,0.24920725727362436,0.524,0.2547482837528655,0.524,0.2643167701863411,113.20754716981132
0.526,0.29317587446878435,0.526,0.26047074207257853,0.526,0.3250000000000038,0.526,0.28156423667865815,0.526,0.505000000000002,0.526,0.27246158875450127,0.526,0.24032526969598278,0.526,0.2879208891794756,0.526,0.2483017325923551,0.526,0.2493167701863409,0.526,0.25461098398169846,0.526,0.2647204968944156,113.20754716981132
0.528,0.29248610657077845,0.528,0.2595276234063477,0.528,0.3250000000000038,0.528,0.2814040536122966,0.528,0.505000000000002,0.528,0.26991827394574025,0.528,0.23999182739457714,0.528,0.28798463550180325,0.528,0.2483998038574745,0.528,0.24972049689441547,0.528,0.2545962732919306,0.528,0.2650000000000057,113.20754716981132
0.53,0.29146779993462285,0.53,0.2589490029421435,0.53,0.3250000000000038,0.53,0.2809741745668569,0.53,0.505000000000002,0.53,0.26712160836875437,0.53,0.23974828375286414,0.53,0.2883965348153044,0.53,0.24875776397516003,0.53,0.25000000000000555,0.53,0.25472049689441506,0.53,0.2650000000000057,113.20754716981132
0.532,0.2905230467473068,0.532,0.25864334749918827,0.532,0.3250000000000038,0.532,0.28067669172932835,0.532,0.505000000000002,0.532,0.2654086302713368,0.532,0.2396109839816971,0.532,0.28892775416803396,0.532,0.24972049689441467,0.532,0.25000000000000555,0.532,0.25500000000000517,0.532,0.2650000000000057,113.20754716981132
0.534,0.28977443609022935,0.534,0.2597335730630981,0.534,0.3250000000000038,0.534,0.2806505393919631,0.534,0.505000000000002,0.534,0.263865642366793,0.534,0.2395962732919292,0.534,0.2893167701863407,0.534,0.2500000000000047,0.534,0.25000000000000555,0.534,0.25500000000000517,0.534,0.2652795031055958,113.20754716981132
0.536,0.2906979405034363,0.536,0.2610444589735262,0.536,0.3250000000000038,0.536,0.28105099705786707,0.536,0.505000000000002,0.536,0.26313174239948334,0.536,0.2397204968944137,0.536,0.2897204968944153,0.536,0.2502795031055948,0.536,0.25000000000000555,0.536,0.25500000000000517,0.536,0.26540372670808016,113.20754716981132
0.538,0.2924550506701574,0.538,0.2626904217064456,0.538,0.3250000000000038,0.538,0.2815985616214499,0.538,0.505000000000002,0.538,0.26322327558026143,0.538,0.24000000000000377,0.538,0.2900000000000053,0.538,0.25040372670807926,0.538,0.25000000000000555,0.538,0.25500000000000517,0.538,0.26538901601831233,113.20754716981132
0.54,0.2950457665903928,0.54,0.2647858777378284,0.54,0.3250000000000038,0.54,0.28285223929389186,0.54,0.505000000000002,0.54,0.2638770840143903,0.54,0.24000000000000377,0.54,0.2900000000000053,0.54,0.25038901601831137,0.54,0.25000000000000555,0.54,0.25500000000000517,0.54,0.26525171624714533,113.20754716981132
0.542,0.2984700882641424,0.542,0.2665429879045496,0.542,0.3250000000000038,0.542,0.2839424648578016,0.542,0.505000000000002,0.542,0.2648136645962799,0.542,0.24000000000000377,0.542,0.2900000000000053,0.542,0.25025171624714426,0.542,0.25000000000000555,0.542,0.25500000000000517,0.542,0.26500817260543236,113.20754716981132
0.544,0.30019287348807167,0.544,0.2672491010134087,0.544,0.3250000000000038,0.544,0.2851814318404757,0.544,0.505000000000002,0.544,0.26600032690422365,0.544,0.24000000000000377,0.544,0.2900000000000053,0.544,0.2500081726054313,0.544,0.25000000000000555,0.544,0.25527950310559516,0.544,0.26467473030402666,113.20754716981132
0.546,0.30196469434456075,0.546,0.26732428898333355,0.546,0.3250000000000038,0.546,0.2864465511605149,0.546,0.505000000000002,0.546,0.2673716900948089,0.546,0.24000000000000377,0.546,0.2900000000000053,0.546,0.2499542334096157,0.546,0.25000000000000555,0.546,0.25540372670807965,0.546,0.2642677345537815,113.20754716981132
0.5479999999999999,0.3036874795684901,0.5479999999999999,0.26616214449166964,0.5479999999999999,0.3250000000000038,0.5479999999999999,0.2867293233082756,0.5479999999999999,0.505000000000002,0.5479999999999999,0.2691091860085062,0.5479999999999999,0.24000000000000377,0.5479999999999999,0.2902795031055954,0.5479999999999999,0.24967146126185497,0.5479999999999999,0.25000000000000555,0.5479999999999999,0.2553890160183117,0.5479999999999999,0.26380353056555006,113.20754716981132
0.55,0.30526315789474046,0.55,0.26430532853874383,0.55,0.3250000000000038,0.55,0.2861866623079487,0.55,0.505000000000002,0.55,0.2713779012749331,0.55,0.24000000000000377,0.55,0.29040372670807985,0.55,0.24919254658385565,0.55,0.25000000000000555,0.55,0.2552517162471447,0.55,0.26329846355018555,113.20754716981132
0.552,0.30659365805819255,0.552,0.261457992808113,0.552,0.3250000000000038,0.552,0.2851471068976838,0.552,0.505000000000002,0.552,0.274063419418117,0.552,0.24000000000000377,0.552,0.29038901601831196,0.552,0.24855017979732416,0.552,0.25000000000000555,0.552,0.25500817260543174,0.552,0.2627688787185412,113.20754716981132
0.554,0.307580908793727,0.554,0.2580385746976192,0.554,0.3250000000000038,0.554,0.2835044132069352,0.554,0.505000000000002,0.554,0.27705132396208565,0.554,0.24000000000000377,0.554,0.2902517162471449,0.554,0.24777705132396677,0.554,0.24972049689441547,0.554,0.25439522719843605,0.554,0.2622311212814703,113.20754716981132
0.556,0.30857796665577336,0.556,0.2534553775743764,0.556,0.3250000000000038,0.556,0.2816198103955589,0.556,0.505000000000002,0.556,0.2802271984308663,0.556,0.24000000000000377,0.556,0.2900081726054319,0.556,0.24690585158549017,0.556,0.2493167701863409,0.556,0.2535845047401163,0.556,0.261701536449826,113.20754716981132
0.5579999999999999,0.3096747303040244,0.5579999999999999,0.24944753187316687,0.5579999999999999,0.3250000000000038,0.5579999999999999,0.2793282118339376,0.5579999999999999,0.505000000000002,0.5579999999999999,0.2834766263484864,0.5579999999999999,0.24000000000000377,0.5579999999999999,0.2896747303040262,0.5579999999999999,0.2459692710036007,0.5579999999999999,0.24920725727362436,0.5579999999999999,0.25273128473357825,0.5579999999999999,0.2611964694344615,113.20754716981132
0.56,0.310977443609026,0.56,0.24757110166721727,0.56,0.3250000000000038,0.56,0.27648087610330674,0.56,0.505000000000002,0.56,0.2872441974501535,0.56,0.24000000000000377,0.56,0.289267734553781,0.56,0.24472049689441475,0.56,0.2493592677345594,0.56,0.2519745014710741,0.56,0.26045276234064,113.20754716981132
0.562,0.3121575678326285,0.562,0.24708401438379135,0.562,0.3250000000000038,0.562,0.273488067996082,0.562,0.505000000000002,0.562,0.2911049362536839,0.562,0.24027950310559387,0.562,0.2888035305655495,0.562,0.2433474991827443,0.562,0.24974011114743938,0.562,0.25171624713959323,0.562,0.2596420398823203,113.20754716981132
0.564,0.31344557044786225,0.564,0.24773945733900554,0.564,0.3250000000000038,0.564,0.2700457665903939,0.564,0.505000000000002,0.564,0.29438705459301046,0.564,0.2412422360248484,0.564,0.288298463550185,0.564,0.24230140568813827,0.564,0.2503170970905581,0.564,0.251907486106576,0.564,0.25891958156260797,113.20754716981132
0.5660000000000001,0.314916639424652,0.5660000000000001,0.24972540045767186,0.5660000000000001,0.3250000000000038,0.5660000000000001,0.26630107878392123,0.5660000000000001,0.505000000000002,0.5660000000000001,0.29660673422687767,0.5660000000000001,0.24160019614253392,0.5660000000000001,0.28776887871854073,0.5660000000000001,0.24158221641059657,0.5660000000000001,0.25133703824779907,0.5660000000000001,0.2524991827394625,0.5660000000000001,0.2587038247793455,113.20754716981132
0.568,0.31594802222949014,0.568,0.2514089571755535,0.568,0.3250000000000038,0.568,0.262401111474343,0.568,0.505000000000002,0.568,0.29801078783916923,0.568,0.24141876430206316,0.568,0.2872311212814698,0.568,0.24118993135011926,0.568,0.25261196469435016,0.568,0.2534423014056933,0.568,0.25896207911082636,113.20754716981132
0.5700000000000001,0.31610493625368097,0.5700000000000001,0.2538264138607448,0.5700000000000001,0.3250000000000038,0.5700000000000001,0.2584929715593382,0.5700000000000001,0.505000000000002,0.5700000000000001,0.2985828702190319,0.5700000000000001,0.24076332134684902,0.5700000000000001,0.2867015364498255,0.5700000000000001,0.2411245505067064,0.5700000000000001,0.2539702517162527,0.5700000000000001,0.2555263157894788,0.5700000000000001,0.25966165413534414,113.20754716981132
0.5720000000000001,0.31613435763321673,0.5720000000000001,0.2564285714285773,0.5720000000000001,0.3250000000000038,0.5720000000000001,0.2547237659365857,0.5720000000000001,0.505000000000002,0.5720000000000001,0.29832298136646557,0.5720000000000001,0.23969924812030438,0.5720000000000001,0.286196469434461,0.5720000000000001,0.24138607388035793,0.5720000000000001,0.25497711670481105,0.5720000000000001,0.2573978424321725,0.5720000000000001,0.26132886564237257,113.20754716981132
0.574,0.3153546910755181,0.574,0.25953579601177446,0.574,0.3250000000000038,0.574,0.25096109839817454,0.574,0.505000000000002,0.574,0.2967963386727749,0.574,0.23829192546584213,0.574,0.28573226544622954,0.574,0.2419745014710739,0.574,0.25564890487087827,0.574,0.2593363844393644,0.574,0.26306145799281383,113.20754716981132
0.5760000000000001,0.3142661000326937,0.5760000000000001,0.2627214776070671,0.5760000000000001,0.3250000000000038,0.5760000000000001,0.24750735534488927,0.5760000000000001,0.505000000000002,0.5760000000000001,0.29492154298791046,0.5760000000000001,0.23660673422687523,0.5760000000000001,0.2853252696959844,0.5760000000000001,0.24316933638444427,0.5760000000000001,0.25600196142530784,0.5760000000000001,0.2609071592023588,0.5760000000000001,0.2644083033671191,113.20754716981132
0.578,0.3126544622425662,0.578,0.2665364498202085,0.578,0.3250000000000038,0.578,0.24408957175548107,0.578,0.505000000000002,0.578,0.29218862373325216,0.578,0.2347090552468164,0.578,0.28527133050016873,0.578,0.24436417129781463,0.578,0.25605263157895275,0.578,0.2621265119320089,0.578,0.2656325596600253,113.20754716981132
0.58,0.3105851585485486,0.58,0.2708009153318135,0.58,0.3250000000000038,0.58,0.24156750572082927,0.58,0.505000000000002,0.58,0.28864661654135937,0.58,0.23266426936907858,0.58,0.2851520104609403,0.58,0.24540372670807936,0.58,0.2572147760706166,0.58,0.26301078783916815,0.58,0.26671788166067917,113.20754716981132
0.5820000000000001,0.3081235697940537,0.5820000000000001,0.27533507682249664,0.5820000000000001,0.3250000000000038,0.5820000000000001,0.2396943445570505,0.5820000000000001,0.505000000000002,0.5820000000000001,0.28479568486434087,0.5820000000000001,0.23053775743707466,0.5820000000000001,0.28500000000000536,0.5820000000000001,0.24630434782609179,0.5820000000000001,0.2573308270676744,0.5820000000000001,0.2624583197123294,0.5820000000000001,0.2676479241582274,113.20754716981132
0.584,0.30533507682249444,0.584,0.2802386400784625,0.584,0.3250000000000038,0.584,0.23946387708402006,0.584,0.505000000000002,0.584,0.28087283425956805,0.584,0.22839490029421758,0.584,0.2848479895390704,0.584,0.24708237986270506,0.584,0.2564988558352456,0.584,0.2616655769859482,0.584,0.26840634194181673,113.20754716981132
0.5860000000000001,0.30273618829683246,0.5860000000000001,0.28545603138281034,0.5860000000000001,0.3250000000000038,0.5860000000000001,0.24040863027133633,0.5860000000000001,0.505000000000002,0.5860000000000001,0.27713141549526604,0.5860000000000001,0.22630107878392006,0.5860000000000001,0.28472866949984194,0.5860000000000001,0.2477541680287724,0.5860000000000001,0.2548169336384492,0.5860000000000001,0.2610019614253074,0.5860000000000001,0.268417783589414,113.20754716981132
0.588,0.3001291271657439,0.588,0.29079274272638667,0.588,0.3250000000000038,0.588,0.2423242889833337,0.588,0.505000000000002,0.588,0.2738411245505129,0.588,0.22432167374959522,0.588,0.2846747303040263,0.588,0.24732592350441798,0.588,0.25238313174240473,0.588,0.26064890487087794,0.588,0.26797646289637717,113.20754716981132
0.59,0.2975956194834949,0.59,0.2950931677018687,0.59,0.3250000000000038,0.59,0.24499019287349394,0.59,0.505000000000002,0.59,0.2708368747956912,0.59,0.22336057535142584,0.59,0.28398823144819113,0.59,0.24666721150703325,0.59,0.24929552141223157,0.59,0.2605083360575402,0.59,0.26790290944753764,113.20754716981132
0.5920000000000001,0.2952173913043514,0.5920000000000001,0.29812030075188484,0.5920000000000001,0.3250000000000038,0.5920000000000001,0.24834096109840395,0.5920000000000001,0.505000000000002,0.5920000000000001,0.26823308270677326,0.5920000000000001,0.2244148414514584,0.5920000000000001,0.28339980385747515,0.5920000000000001,0.2461801242236073,0.5920000000000001,0.24565217391304883,0.5920000000000001,0.260482183720175,0.5920000000000001,0.2681153971886295,113.20754716981132
0.594,0.2930761686825796,0.594,0.3001046093494657,0.594,0.3250000000000038,0.594,0.2522948676037977,0.594,0.505000000000002,0.594,0.2661441647597317,0.594,0.22412062765610044,0.594,0.2829094475318786,0.594,0.24581562602158052,0.594,0.24155116050997602,0.594,0.26242889833279354,0.594,0.26853220006538664,113.20754716981132
0.596,0.29125367767244564,0.596,0.300299117358619,0.596,0.3250000000000038,0.596,0.25658221641059725,0.596,0.505000000000002,0.596,0.2646845374305392,0.596,0.2227231121281501,0.596,0.2825171624714013,0.596,0.2446861719516231,0.596,0.23754168028768122,0.596,0.26365805818895555,0.596,0.2704691075514931,113.20754716981132
0.598,0.28983164432821545,0.598,0.2995897352075891,0.598,0.3250000000000038,0.598,0.26091696632887124,0.598,0.505000000000002,0.598,0.2639686171951683,0.598,0.22046747303040576,0.598,0.28334096109840345,0.598,0.24404707420726224,0.598,0.23279176201373553,0.598,0.2643739784243266,0.598,0.27167048054920473,113.20754716981132
0.6,0.2888917947041553,0.6,0.2977133050016395,0.6,0.3250000000000038,0.6,0.2654478587773837,0.6,0.505000000000002,0.6,0.26411082052959123,0.6,0.2159218698921254,0.6,0.2842007191892828,0.6,0.24380026152337858,0.6,0.22861229159856733,0.6,0.264797319385425,0.6,0.2721363190585215,113.20754716981132
0.6020000000000001,0.2885158548545314,0.6020000000000001,0.2951536449820252,0.6020000000000001,0.3250000000000038,0.6020000000000001,0.27004413206930905,0.6020000000000001,0.505000000000002,0.6020000000000001,0.26432330827068323,0.6020000000000001,0.21026315789474084,0.6020000000000001,0.2842922523700608,0.6020000000000001,0.2442987904544018,0.6020000000000001,0.2255034324942849,0.6020000000000001,0.2651650866296224,0.6020000000000001,0.27231775089899224,113.20754716981132
0.604,0.2887855508336095,0.604,0.29141712978097917,0.604,0.3250000000000038,0.604,0.2741238966982728,0.604,0.505000000000002,0.604,0.2643445570447924,0.604,0.20551650866296592,0.604,0.2837136319058568,0.604,0.2473095782935648,0.604,0.22323471722785806,0.604,0.26527950310559495,0.604,0.272402745995429,113.20754716981132
0.606,0.28933148087610705,0.606,0.2870202680614631,0.606,0.3250000000000038,0.606,0.27781954887218574,0.606,0.505000000000002,0.606,0.26433148087610986,0.606,0.2007960117685561,0.606,0.28256292906179015,0.606,0.24987904543969097,0.606,0.22173095782936195,0.606,0.2649427917620186,0.606,0.27259561948349703,113.20754716981132
0.608,0.2895962732919292,0.608,0.2822164105917017,0.608,0.3250000000000038,0.608,0.28098398169336913,0.608,0.505000000000002,0.608,0.2645962732919319,0.608,0.19734226871527083,0.608,0.2792611964694398,0.608,0.2520398823144866,0.608,0.22144328211834532,0.608,0.2646714612618552,0.608,0.2726659038901659,113.20754716981132
0.61,0.2897204968944137,0.61,0.27727525335077335,0.61,0.3250000000000038,0.61,0.28347008826414377,0.61,0.505000000000002,0.61,0.2647204968944164,0.61,0.19482674076496037,0.61,0.2759561948349189,0.61,0.25382477933965814,0.61,0.22190421706440616,0.61,0.2642513893429276,0.61,0.27266263484799524,113.20754716981132
0.612,0.29000000000000375,0.612,0.2720317097090605,0.612,0.3250000000000038,0.612,0.2851307616868309,0.612,0.505000000000002,0.612,0.2650000000000065,0.612,0.19335567178817062,0.612,0.27323798627002854,0.612,0.25526642693691215,0.612,0.22334423014057486,0.612,0.26282935599869733,0.612,0.2726348479895448,113.20754716981132
0.614,0.29000000000000375,0.614,0.2670513239620844,0.614,0.3250000000000038,0.614,0.2858188950637514,0.614,0.505000000000002,0.614,0.2650000000000065,0.614,0.19329846355018443,0.614,0.2712291598561678,0.614,0.2563975155279549,0.614,0.2259774436090287,0.614,0.26124387054593495,0.614,0.2717293233082764,113.20754716981132
0.616,0.29000000000000375,0.616,0.26263648251062977,0.616,0.3250000000000038,0.616,0.2858385093167752,0.616,0.505000000000002,0.616,0.2650000000000065,0.616,0.1945733899967355,0.616,0.2700359594638828,0.616,0.25697123242890296,0.616,0.2288999673095843,0.616,0.25876430205950157,0.616,0.2705214122262235,113.20754716981132
0.618,0.29000000000000375,0.618,0.25910591696633417,0.618,0.3250000000000038,0.618,0.28523046747303543,0.618,0.505000000000002,0.618,0.2650000000000065,0.618,0.19709872507355797,0.618,0.2697482837528661,0.618,0.25672441974501936,0.618,0.23307126511932608,0.618,0.25580908793723944,0.618,0.26902745995423905,113.20754716981132
0.62,0.29000000000000375,0.62,0.2563435763321401,0.62,0.3250000000000038,0.62,0.28495423340961595,0.62,0.505000000000002,0.62,0.2650000000000065,0.62,0.2007927427263856,0.62,0.2699885583524085,0.62,0.25592023537104097,0.62,0.238532200065387,0.62,0.2525008172605477,0.62,0.2669843085975866,113.20754716981132
0.622,0.29000000000000375,0.622,0.2545129127165795,0.622,0.3250000000000038,0.622,0.2850081726054316,0.622,0.505000000000002,0.622,0.2650000000000065,0.622,0.20557371690095244,0.622,0.27107714939523303,0.622,0.25480549199085134,0.622,0.2430516508663022,0.622,0.24866623079438244,0.622,0.2645635828702248,113.20754716981132
0.624,0.29000000000000375,0.624,0.25377737822818475,0.624,0.3250000000000038,0.624,0.28525171624714457,0.624,0.505000000000002,0.624,0.2650000000000065,0.624,0.21108041843740222,0.624,0.2733180778032093,0.624,0.2530679960771541,0.624,0.24739457339000276,0.624,0.24691402419091724,0.624,0.2622000653808491,113.20754716981132
0.626,0.29000000000000375,0.626,0.25384929715593885,0.626,0.3250000000000038,0.626,0.2853890160183116,0.626,0.505000000000002,0.626,0.2650000000000065,0.626,0.2176659038901645,0.626,0.27572572736188866,0.626,0.25055083360575825,0.626,0.25206113108859707,0.626,0.24671624713959328,0.626,0.2595979078130165,113.20754716981132
0.628,0.29000000000000375,0.628,0.25425302386401355,0.628,0.3250000000000038,0.628,0.28540372670807945,0.628,0.505000000000002,0.628,0.2650000000000065,0.628,0.22523210199411992,0.628,0.2788983327884986,0.628,0.24779503105590545,0.628,0.2573471722785283,0.628,0.24711016672115607,0.628,0.257798300098077,113.20754716981132
0.63,0.2897204968944137,0.63,0.25430859758091445,0.63,0.3250000000000038,0.63,0.285279503105595,0.63,0.505000000000002,0.63,0.2650000000000065,0.63,0.2336809414841494,0.63,0.28295031055901193,0.63,0.2460559006211229,0.63,0.2630810722458378,0.63,0.24882477933965874,0.63,0.25729977116705377,113.20754716981132
0.632,0.2895962732919292,0.632,0.254468780647276,0.632,0.3250000000000038,0.632,0.28500000000000497,0.632,0.505000000000002,0.632,0.2650000000000065,0.632,0.24072245831971648,0.632,0.2884145145472434,0.632,0.24516018306636644,0.632,0.2687953579601235,0.632,0.25266426936908026,0.632,0.2577149395227257,113.20754716981132
0.634,0.2896109839816971,0.634,0.2546109839816991,0.634,0.3250000000000038,0.634,0.28500000000000497,0.634,0.505000000000002,0.634,0.2650000000000065,0.634,0.2447433801896085,0.634,0.2950768224910158,0.634,0.24477933965348636,0.634,0.2747204968944158,0.634,0.25797155933312094,0.634,0.2591990846681981,113.20754716981132
0.636,0.28974828375286416,0.636,0.25459627329193113,0.636,0.3250000000000038,0.636,0.28500000000000497,0.636,0.505000000000002,0.636,0.2650000000000065,0.636,0.24765282772148162,0.636,0.3035289310232159,0.636,0.24486433474992308,0.636,0.2808989865969328,0.636,0.2620807453416203,0.636,0.2618911408957235,113.20754716981132
0.638,0.28999182739457713,0.638,0.2547204968944156,0.638,0.3250000000000038,0.638,0.28500000000000497,0.638,0.505000000000002,0.638,0.26444099378882635,0.638,0.2485648904870913,0.638,0.31346028113763225,0.638,0.24671951618176358,0.638,0.2866426936907542,0.638,0.26685845047401646,0.638,0.26365805818895666,113.20754716981132
0.64,0.29032526969598277,0.64,0.2552795031055958,0.64,0.3250000000000038,0.64,0.28500000000000497,0.64,0.505000000000002,0.64,0.26391304347826744,0.64,0.24802222948676433,0.64,0.32275580254985825,0.64,0.24950637463223757,0.64,0.29378228179144056,0.64,0.2724779339653534,0.64,0.26620137299771746,113.20754716981132
0.642,0.290732265446228,0.642,0.2554037267080802,0.642,0.3250000000000038,0.642,0.28500000000000497,0.642,0.505000000000002,0.642,0.2629797319385486,0.642,0.2483720169990231,0.642,0.328460281137632,0.642,0.25322491010134507,0.642,0.3012912716574097,0.642,0.27866132723112647,0.642,0.26909447531873754,113.20754716981132
0.644,0.2911964694344594,0.644,0.2553890160183124,0.644,0.3250000000000038,0.644,0.28500000000000497,0.644,0.505000000000002,0.644,0.26289637136319727,0.644,0.2503824779339691,0.644,0.33395390650539925,0.644,0.2578751225890861,0.644,0.30854691075515395,0.644,0.2851307616868309,0.644,0.2726250408630331,113.20754716981132
0.6459999999999999,0.2914220333442339,0.6459999999999999,0.2552517162471453,0.6459999999999999,0.3250000000000038,0.6459999999999999,0.28500000000000497,0.6459999999999999,0.505000000000002,0.6459999999999999,0.263564890487094,0.6459999999999999,0.25266426936907865,0.6459999999999999,0.34012422360248973,0.6459999999999999,0.25599869238313666,0.6459999999999999,0.3159365805818946,0.6459999999999999,0.2916083687479618,0.6459999999999999,0.2766296175220719,113.20754716981132
0.648,0.29182739457339374,0.648,0.2550081726054324,0.648,0.3250000000000038,0.648,0.28500000000000497,0.648,0.505000000000002,0.648,0.2648872180451194,0.648,0.25552141222622143,0.648,0.34676855181432353,0.648,0.2565658711997435,0.648,0.3247188623733295,0.648,0.29910591696633365,0.648,0.28094475318732187,113.20754716981132
0.65,0.2923798627002326,0.65,0.25467473030402665,0.65,0.3250000000000038,0.65,0.28500000000000497,0.65,0.505000000000002,0.65,0.26676528277215433,0.65,0.2583883622098761,0.65,0.35593984962406516,0.65,0.2592007191892826,0.65,0.3327214776070657,0.65,0.306337038247798,0.65,0.2854069957502509,113.20754716981132
0.652,0.293046747303044,0.652,0.2542677345537815,0.652,0.3250000000000038,0.652,0.28500000000000497,0.652,0.505000000000002,0.652,0.27021902582543966,0.652,0.2617260542661035,0.652,0.36630761686826246,0.652,0.26352729650212997,0.652,0.34001307616868687,0.652,0.3132298136646008,0.652,0.2904118993135068,113.20754716981132
0.654,0.2937953579601214,0.654,0.25380353056555005,0.654,0.3250000000000038,0.654,0.28500000000000497,0.654,0.505000000000002,0.654,0.27369074861066356,0.654,0.2650343249427953,0.654,0.3777999346191612,0.654,0.26972866949984153,0.654,0.34500326904217493,0.654,0.31875122589081833,0.654,0.2952059496567562,113.20754716981132
0.6559999999999999,0.2951520104609386,0.6559999999999999,0.25329846355018554,0.6559999999999999,0.3250000000000038,0.6559999999999999,0.285279503105595,0.6559999999999999,0.505000000000002,0.6559999999999999,0.27699248120301384,0.6559999999999999,0.26756619810395893,0.6559999999999999,0.3911686825760097,0.6559999999999999,0.2773978424321722,0.6559999999999999,0.3470366132723153,0.6559999999999999,0.3226152337365194,0.6559999999999999,0.2995031055900676,113.20754716981132
0.658,0.29621444916639794,0.658,0.25276887871854126,0.658,0.3250000000000038,0.658,0.28596273291925955,0.658,0.505000000000002,0.658,0.2796730957829419,0.658,0.26930532853874145,0.658,0.4044818568159569,0.658,0.2861768551814365,0.658,0.3472785223929428,0.658,0.3247237659365847,0.658,0.30303367113436286,113.20754716981132
0.66,0.2969826740764993,0.66,0.2522311212814703,0.66,0.3250000000000038,0.66,0.2864759725400507,0.66,0.505000000000002,0.66,0.28173259235044756,0.66,0.27023537103628964,0.66,0.4154102647924196,0.66,0.29577312847336173,0.66,0.3449395227198471,0.66,0.32516672115070694,0.66,0.30554429552141743,113.20754716981132
0.662,0.29745668519124263,0.662,0.251701536449826,0.662,0.3250000000000038,0.662,0.2864334749918323,0.662,0.505000000000002,0.662,0.28317097090553084,0.662,0.27033998038575024,0.662,0.42389669826741116,0.662,0.30479405034325363,0.662,0.34025661981039956,0.662,0.32405034324943205,0.662,0.30752860411899824,113.20754716981132
0.664,0.2976364825106281,0.664,0.25091696632887145,0.664,0.3250000000000038,0.664,0.2859006211180173,0.664,0.505000000000002,0.664,0.2839882314481918,0.664,0.26988231448186,0.664,0.4299002942137987,0.664,0.31206766917293627,0.664,0.3340421706440053,0.664,0.32194834913370785,0.664,0.3082396207911133,113.20754716981132
0.6659999999999999,0.2975220660346555,0.6659999999999999,0.2500490356325655,0.6659999999999999,0.3250000000000038,0.6659999999999999,0.28494279176201864,0.6659999999999999,0.505000000000002,0.6659999999999999,0.2841843739784306,0.6659999999999999,0.26886237332461915,0.6659999999999999,0.4329454069957535,0.6659999999999999,0.3177917620137338,0.6659999999999999,0.3265985616214489,0.6659999999999999,0.31856489048709136,0.6659999999999999,0.30739784243217244,113.20754716981132
0.668,0.297113435763325,0.668,0.24869401765283358,0.668,0.3250000000000038,0.668,0.28306636155606907,0.668,0.505000000000002,0.668,0.28320039228506666,0.668,0.2670169990192906,0.668,0.4383818241255343,0.668,0.3223684210526352,0.668,0.3181693363844435,0.668,0.31501797973194257,0.668,0.3054543968617245,113.20754716981132
0.67,0.29613108859104653,0.67,0.2475809087937294,0.67,0.3250000000000038,0.67,0.28064727034979253,0.67,0.505000000000002,0.67,0.28162634847990164,0.67,0.2643625367767277,0.67,0.4401634521085351,0.67,0.3252386400784606,0.67,0.3088591042824495,0.67,0.3106587119973888,0.67,0.30259725400458165,113.20754716981132
0.672,0.2946224256292943,0.672,0.24751389342923114,0.672,0.3250000000000038,0.672,0.2785877737822868,0.672,0.505000000000002,0.672,0.2798643347499245,0.672,0.2609153318077836,0.672,0.437894736842108,0.672,0.32613926119647296,0.672,0.2990683229813708,0.672,0.3056815952925834,0.672,0.2990307289964091,113.20754716981132
0.674,0.29361229159856533,0.674,0.24839490029421976,0.674,0.3250000000000038,0.674,0.2768878718535519,0.674,0.505000000000002,0.674,0.2778653154625758,0.674,0.2580451127819582,0.674,0.4321150702844094,0.674,0.32508662961752566,0.674,0.28966492317751347,0.674,0.2996910755148782,0.674,0.29497548218372516,113.20754716981132
0.6759999999999999,0.2930516508663,0.6759999999999999,0.25012585812357574,0.6759999999999999,0.3250000000000038,0.6759999999999999,0.275547564563588,0.6759999999999999,0.505000000000002,0.6759999999999999,0.27558025498529576,0.6759999999999999,0.25497875122589414,0.6759999999999999,0.4239555410264819,0.6759999999999999,0.3218175874468817,0.6759999999999999,0.2808188950637509,0.6759999999999999,0.2937528604119035,0.6759999999999999,0.2906685191239018,113.20754716981132
0.6779999999999999,0.29289146779993847,0.6779999999999999,0.25316770186335996,0.6779999999999999,0.3250000000000038,0.6779999999999999,0.2745668519123947,0.6779999999999999,0.505000000000002,0.6779999999999999,0.2732396207911145,0.6779999999999999,0.2517816279830043,0.6779999999999999,0.41224910101340584,0.6779999999999999,0.31678326250408995,0.6779999999999999,0.272544949329851,0.6779999999999999,0.28795521412226643,0.6779999999999999,0.28636319058516363,113.20754716981132
0.68,0.2939212160836912,0.68,0.25711180124224187,0.68,0.3250000000000038,0.68,0.2739457338999724,0.68,0.505000000000002,0.68,0.271541353383465,0.68,0.2494213795357994,0.68,0.397289964040539,0.68,0.30998365478915046,0.68,0.2655884275907207,0.68,0.28268224910101775,0.68,0.28232919254658906,113.20754716981132
0.682,0.2950670153645019,0.682,0.26113108859104867,0.682,0.3250000000000038,0.682,0.2736842105263208,0.682,0.505000000000002,0.682,0.2702222948676101,0.682,0.2474370709382186,0.682,0.3793723439032394,0.682,0.3014187643020632,0.682,0.25998038574698107,0.682,0.27788329519451244,0.682,0.27840143837856024,113.20754716981132
0.684,0.2958940830336748,0.684,0.2645864661654193,0.684,0.3250000000000038,0.684,0.27490029421380036,0.684,0.505000000000002,0.684,0.27023373651520743,0.684,0.24592677345538105,0.684,0.3633017325923537,0.684,0.2910885910428282,0.684,0.2560313828048432,0.684,0.27378718535469565,0.684,0.2751454723765989,113.20754716981132
0.6859999999999999,0.29641876430206304,0.6859999999999999,0.2677410918600906,0.6859999999999999,0.3250000000000038,0.6859999999999999,0.2758548545276285,0.6859999999999999,0.505000000000002,0.6859999999999999,0.27040045766591014,0.6859999999999999,0.24498855835240627,0.6859999999999999,0.3485452762340669,0.6859999999999999,0.2789931350114455,0.6859999999999999,0.2540519777705184,0.6859999999999999,0.2706227525335123,0.6859999999999999,0.27241255312194057,113.20754716981132
0.688,0.297108532200069,0.688,0.2701438378555138,0.688,0.3250000000000038,0.688,0.2766132723112179,0.688,0.505000000000002,0.688,0.27083687479569124,0.688,0.24472049689441344,0.688,0.33495913697287066,0.688,0.27280156914024584,0.688,0.2539016018306689,0.688,0.2686188296829077,0.688,0.27033344230141104,113.20754716981132
0.6900000000000001,0.29771657404380875,0.6900000000000001,0.271794704151689,0.6900000000000001,0.3250000000000038,0.6900000000000001,0.2772409284079815,0.6900000000000001,0.505000000000002,0.6900000000000001,0.2716574043805229,0.6900000000000001,0.24476953252697317,0.6900000000000001,0.3228032036613312,0.6900000000000001,0.268040209218703,0.6900000000000001,0.25389833278849827,0.6900000000000001,0.26665086629618007,0.6900000000000001,0.2690389016018361,113.20754716981132
0.6920000000000001,0.29827558025498885,0.6920000000000001,0.27269369074861616,0.6920000000000001,0.3250000000000038,0.6920000000000001,0.27668519123897206,0.6920000000000001,0.505000000000002,0.6920000000000001,0.2729764628963777,0.6920000000000001,0.24504576659039265,0.6920000000000001,0.3126168682576047,0.6920000000000001,0.26498692383132155,0.6920000000000001,0.25429879045440223,0.6920000000000001,0.26483491337038734,0.6920000000000001,0.2686596927100414,113.20754716981132
0.6940000000000001,0.29853873814972576,0.6940000000000001,0.27228179143511505,0.6940000000000001,0.3250000000000038,0.6940000000000001,0.27647106897679496,0.6940000000000001,0.505000000000002,0.6940000000000001,0.2731039555410328,0.6940000000000001,0.244991827394577,0.6940000000000001,0.3049395227198475,0.6940000000000001,0.26391958156260636,0.6940000000000001,0.2543004249754876,0.6940000000000001,0.26297482837529096,0.6940000000000001,0.2684243216737551,113.20754716981132
0.696,0.2986940176528314,0.696,0.2703105590062168,0.696,0.3250000000000038,0.696,0.27703334423014575,0.696,0.505000000000002,0.696,0.27275580254985926,0.696,0.24474828375286403,0.696,0.299408303367118,0.696,0.2642137953579644,0.696,0.2542170644001362,0.696,0.2612929061784947,0.696,0.2685387381497277,113.20754716981132
0.698,0.29829029094475684,0.698,0.26848643347499745,0.698,0.3250000000000038,0.698,0.2779045439686224,0.698,0.505000000000002,0.698,0.2717930696306046,0.698,0.244610983981697,0.698,0.2939310232102041,0.698,0.2653203661327274,0.698,0.25422196796339225,0.698,0.25971559333115896,0.698,0.26891304347826644,113.20754716981132
0.7000000000000001,0.2978538738149758,0.7000000000000001,0.26671134357633774,0.7000000000000001,0.3250000000000038,0.7000000000000001,0.2784292252370107,0.7000000000000001,0.505000000000002,0.7000000000000001,0.2705116050997122,0.7000000000000001,0.2445962732919291,0.7000000000000001,0.2886008499509692,0.7000000000000001,0.2677590715920279,0.7000000000000001,0.2541925465838564,0.7000000000000001,0.25860411899314,0.7000000000000001,0.2694409937888254,113.20754716981132
0.7020000000000001,0.297352075841782,0.7020000000000001,0.26488721804511844,0.7020000000000001,0.32472049689441373,0.7020000000000001,0.2786498855835292,0.7020000000000001,0.505000000000002,0.7020000000000001,0.2689277541680352,0.7020000000000001,0.24472049689441358,0.7020000000000001,0.2851258581235748,0.7020000000000001,0.2694066688460325,0.7020000000000001,0.2547204968944154,0.7020000000000001,0.25804020921870396,0.7020000000000001,0.2700000000000055,113.20754716981132
0.7040000000000001,0.29675220660346885,0.7040000000000001,0.26375449493299025,0.7040000000000001,0.3245962732919293,0.7040000000000001,0.27876430205950165,0.7040000000000001,0.505000000000002,0.7040000000000001,0.26705786204642684,0.7040000000000001,0.24500000000000366,0.7040000000000001,0.2838166067342319,0.7040000000000001,0.2704380516508706,0.7040000000000001,0.25540372670808004,0.7040000000000001,0.2581055900621169,0.7040000000000001,0.2700000000000055,113.20754716981132
0.706,0.29602157567832993,0.706,0.26292088917947604,0.706,0.32461098398169713,0.706,0.2786907486106622,0.706,0.505000000000002,0.706,0.2649182739457404,0.706,0.24500000000000366,0.706,0.28498365478915194,0.706,0.2708875449493342,0.706,0.25538901601831215,0.706,0.25888198757764486,0.706,0.2700000000000055,113.20754716981132
0.708,0.2948479895390687,0.708,0.2616557698594368,0.708,0.32474828375286413,0.708,0.27834749918274454,0.708,0.505000000000002,0.708,0.2622458319712389,0.708,0.24500000000000366,0.708,0.28893756129454595,0.708,0.27066525008173037,0.708,0.25525171624714504,0.708,0.2600000000000051,0.708,0.2702795031055956,113.20754716981132
0.71,0.29363354037267453,0.71,0.2610493625367822,0.71,0.3249918273945771,0.71,0.2785550833605805,0.71,0.505000000000002,0.71,0.26011441647597905,0.71,0.24500000000000366,0.71,0.289221967963392,0.71,0.26966492317751334,0.71,0.25500817260543207,0.71,0.2600000000000051,0.71,0.2704037267080801,113.20754716981132
0.7120000000000001,0.2927803203661365,0.7120000000000001,0.26123079437725294,0.7120000000000001,0.3253252696959828,0.7120000000000001,0.2796077149395278,0.7120000000000001,0.505000000000002,0.7120000000000001,0.25860411899314156,0.7120000000000001,0.24500000000000366,0.7120000000000001,0.28919254658385624,0.7120000000000001,0.26821510297483275,0.7120000000000001,0.25467473030402643,0.7120000000000001,0.2600000000000051,0.7120000000000001,0.27038901601831217,113.20754716981132
0.7140000000000001,0.29277051323962455,0.7140000000000001,0.2617391304347881,0.7140000000000001,0.325732265446228,0.7140000000000001,0.28093004249755327,0.7140000000000001,0.505000000000002,0.7140000000000001,0.25762340634194836,0.7140000000000001,0.24500000000000366,0.7140000000000001,0.2894409937888252,0.7140000000000001,0.2666443282118383,0.7140000000000001,0.25426773455378127,0.7140000000000001,0.2600000000000051,0.7140000000000001,0.27025171624714517,113.20754716981132
0.716,0.293651520104613,0.716,0.26267244197450695,0.716,0.32619646943445946,0.716,0.2827852239293937,0.716,0.505000000000002,0.716,0.2576234063419484,0.716,0.24500000000000366,0.716,0.2900000000000053,0.716,0.2645668519123941,0.716,0.25380353056554983,0.716,0.2600000000000051,0.716,0.27000817260543214,113.20754716981132
0.718,0.2954069957502489,0.718,0.2641288002615289,0.718,0.32670153644982397,0.718,0.28500163452109034,0.718,0.505000000000002,0.718,0.25832461588755157,0.718,0.24500000000000366,0.718,0.2900000000000053,0.718,0.26249918273946177,0.718,0.2532984635501853,0.718,0.2602795031055952,0.718,0.2696747303040266,113.20754716981132
0.72,0.2980205949656788,0.72,0.26530402092187544,0.72,0.32723112128146825,0.72,0.28714449166394745,0.72,0.505000000000002,0.72,0.2597106897679047,0.72,0.24500000000000366,0.72,0.2900000000000053,0.72,0.2602435436417174,0.72,0.25276887871854103,0.72,0.2604037267080796,0.72,0.26926773455378145,113.20754716981132
0.7220000000000001,0.3001225890814028,0.7220000000000001,0.26592023537104187,0.7220000000000001,0.32776887871853916,0.7220000000000001,0.2895096436744084,0.7220000000000001,0.505000000000002,0.7220000000000001,0.2612978097417524,0.7220000000000001,0.24500000000000366,0.7220000000000001,0.2900000000000053,0.7220000000000001,0.25788166067342716,0.7220000000000001,0.25223112128147007,0.7220000000000001,0.2603890160183117,0.7220000000000001,0.26880353056554995,113.20754716981132
0.7240000000000001,0.30203497875122953,0.7240000000000001,0.26566688460281684,0.7240000000000001,0.3282984635501835,0.7240000000000001,0.29195815626022065,0.7240000000000001,0.505000000000002,0.7240000000000001,0.2630205949656818,0.7240000000000001,0.24500000000000366,0.7240000000000001,0.2900000000000053,0.7240000000000001,0.2557747629944472,0.7240000000000001,0.2517015364498258,0.7240000000000001,0.2602517162471446,0.7240000000000001,0.26829846355018544,113.20754716981132
0.726,0.3039555410264829,0.726,0.26510297482838086,0.726,0.32880353056554795,0.726,0.2925629290617898,0.726,0.505000000000002,0.726,0.26478097417457364,0.726,0.24500000000000366,0.726,0.2900000000000053,0.726,0.2535697940503478,0.726,0.2511964694344613,0.726,0.2600081726054317,0.726,0.26776887871854116,113.20754716981132
0.728,0.30580254985289673,0.728,0.26377737822818464,0.728,0.32926773455377945,0.728,0.29254985289310714,0.728,0.505000000000002,0.728,0.26717881660674103,0.728,0.24500000000000366,0.728,0.2902795031055954,0.728,0.2513648251062484,0.728,0.25073226544622984,0.728,0.25967473030402594,0.728,0.26723112128147025,113.20754716981132
0.73,0.307494279176205,0.73,0.26195325269696523,0.73,0.3296747303040246,0.73,0.29104936253678154,0.73,0.505000000000002,0.73,0.2700833605753581,0.73,0.24500000000000366,0.73,0.29040372670807985,0.73,0.2492579274272685,0.73,0.25004576659039457,0.73,0.2589882314481907,0.73,0.2667015364498259,113.20754716981132
0.7320000000000001,0.30894900294214156,0.7320000000000001,0.25933474991827954,0.7320000000000001,0.3300081726054303,0.7320000000000001,0.2883736515201094,0.7320000000000001,0.505000000000002,0.7320000000000001,0.27336384439359923,0.7320000000000001,0.24500000000000366,0.7320000000000001,0.29038901601831196,0.7320000000000001,0.2473471722785271,0.7320000000000001,0.2493085975809143,0.7320000000000001,0.25812030075188475,0.7320000000000001,0.2661964694344614,113.20754716981132
0.7340000000000001,0.3100849950964403,0.7340000000000001,0.25634030728996965,0.7340000000000001,0.3302517162471432,0.7340000000000001,0.285925138934297,0.7340000000000001,0.505000000000002,0.7340000000000001,0.27688950637463877,0.7340000000000001,0.24500000000000366,0.7340000000000001,0.2902517162471449,0.7340000000000001,0.2457306309251436,0.7340000000000001,0.24895554102648482,0.7340000000000001,0.2572262177182137,0.7340000000000001,0.2654527623406399,113.20754716981132
0.736,0.311271657404384,0.736,0.2535599869238369,0.736,0.3303890160183103,0.736,0.2834308597580956,0.736,0.505000000000002,0.736,0.281088591042831,0.736,0.24500000000000366,0.736,0.2900081726054319,0.736,0.24422687152664746,0.736,0.24897025171625284,0.736,0.25672441974501986,0.736,0.26464203988232016,113.20754716981132
0.738,0.31261523373651867,0.738,0.2521150702844124,0.738,0.33040372670807816,0.738,0.28058679306963547,0.738,0.505000000000002,0.738,0.2855197777051388,0.738,0.24500000000000366,0.738,0.2896747303040262,0.738,0.24336874795685343,0.738,0.2493363844393649,0.738,0.2565822164105969,0.738,0.2639195815626079,113.20754716981132
0.74,0.3137871853546945,0.74,0.25152664269369646,0.74,0.3302795031055938,0.74,0.27710526315789963,0.74,0.505000000000002,0.74,0.2894949329846417,0.74,0.24472049689441358,0.74,0.289267734553781,0.74,0.24267898005884758,0.74,0.25003759398496805,0.74,0.25676691729323825,0.74,0.26370382477934545,113.20754716981132
0.742,0.31501797973194196,0.742,0.25196632886564807,0.742,0.33000000000000373,0.742,0.27314972213142025,0.742,0.505000000000002,0.742,0.29279339653482145,0.742,0.24459627329192912,0.742,0.2888035305655495,0.742,0.2417554756456407,0.742,0.25133703824779907,0.742,0.25724583197123757,0.742,0.2639620791108263,113.20754716981132
0.7440000000000001,0.31582379862700566,0.7440000000000001,0.25386891140896306,0.7440000000000001,0.33000000000000373,0.7440000000000001,0.26888362209872996,0.7440000000000001,0.5047204968944119,0.7440000000000001,0.2949313501144226,0.7440000000000001,0.24461098398169706,0.7440000000000001,0.288298463550185,0.7440000000000001,0.24143674403400295,0.7440000000000001,0.2528914677999402,0.7440000000000001,0.25854527623406853,0.7440000000000001,0.2646616541353441,113.20754716981132
0.746,0.31645145472376934,0.746,0.2555851585485512,0.746,0.33000000000000373,0.746,0.2644704151683606,0.746,0.5045962732919275,0.746,0.29615560640732874,0.746,0.24474828375286412,0.746,0.28776887871854073,0.746,0.2412716574043854,0.746,0.2540944753187372,0.746,0.2600424975482235,0.746,0.2660493625367825,113.20754716981132
0.748,0.3169924812030108,0.748,0.2571412226217777,0.748,0.33000000000000373,0.748,0.2600735534488445,0.748,0.5046109839816953,0.748,0.2959986923831378,0.748,0.24499182739457703,0.748,0.2872311212814698,0.748,0.24152337365152496,0.748,0.2549624060150431,0.748,0.2613027133050067,0.748,0.2679372343903294,113.20754716981132
0.75,0.3170120954560347,0.75,0.25913697286695586,0.75,0.33000000000000373,0.75,0.2555769859431237,0.75,0.5047482837528624,0.75,0.2951748937561354,0.75,0.24532526969598278,0.75,0.2867015364498255,0.75,0.2421755475645685,0.75,0.2555116050997112,0.75,0.2623422687152715,0.75,0.26942301405688707,113.20754716981132
0.752,0.31654298790454716,0.752,0.2618764302059556,0.752,0.33000000000000373,0.752,0.2510199411572461,0.752,0.5049918273945754,0.752,0.2934210526315849,0.752,0.24573226544622795,0.752,0.286196469434461,0.752,0.24349133703825274,0.752,0.2557584177835948,0.752,0.2631775089898709,0.752,0.27104936253678236,113.20754716981132
0.7540000000000001,0.31518306636155924,0.7540000000000001,0.2649329846355077,0.7540000000000001,0.33000000000000373,0.7540000000000001,0.24686008499510176,0.7540000000000001,0.505325269695981,0.7540000000000001,0.2909414841451516,0.7540000000000001,0.2461964694344594,0.7540000000000001,0.28573226544622954,0.7540000000000001,0.2455786204642088,0.7540000000000001,0.255439686171957,0.7540000000000001,0.2638247793396585,0.7540000000000001,0.27236515201046657,113.20754716981132
0.756,0.31388362209872833,0.756,0.26859431186662885,0.756,0.33000000000000373,0.756,0.24380189604446434,0.756,0.5057322654462263,0.756,0.2879568486433535,0.756,0.24670153644982387,0.756,0.2856047728015744,0.756,0.2471167048054968,0.756,0.25332951945080645,0.756,0.2640209218698972,0.756,0.2733703824779396,113.20754716981132
0.758,0.31216737495914026,0.758,0.272696959790787,0.758,0.33000000000000373,0.758,0.24135174893756692,0.758,0.5061964694344576,0.758,0.2842530238640139,0.758,0.24723112128146818,0.758,0.2853955541026532,0.758,0.24840143837855988,0.758,0.25203661327231675,0.758,0.2630990519777756,0.758,0.2740650539392013,113.20754716981132
0.76,0.31011605099706113,0.76,0.27707747629944984,0.76,0.33000000000000373,0.76,0.23997711670481117,0.76,0.5067015364498223,0.76,0.28034651847009434,0.76,0.24776887871853914,0.76,0.28513729977117236,0.76,0.24944916639425127,0.76,0.2514628963713688,0.76,0.2623471722785275,0.76,0.2738901601830719,113.20754716981132
0.762,0.3078113762667572,0.762,0.2818519123896754,0.762,0.33000000000000373,0.762,0.24039228506048305,0.762,0.5072311212814665,0.762,0.2760395554102709,0.762,0.24829846355018353,0.762,0.2848627002288383,0.762,0.25027623406342414,0.762,0.25151029748284315,0.762,0.26196305982347684,0.762,0.27315626021576245,113.20754716981132
0.7640000000000001,0.30533507682249444,0.7640000000000001,0.28754004576659586,0.7640000000000001,0.33000000000000373,0.7640000000000001,0.24212978097418025,0.7640000000000001,0.5077688787185375,0.7640000000000001,0.27186498855835856,0.7640000000000001,0.24880353056554802,0.7640000000000001,0.28460444589735745,0.7640000000000001,0.2506194834913418,0.7640000000000001,0.2551552795031111,0.7640000000000001,0.2618649885583575,0.7640000000000001,0.2727002288329576,113.20754716981132
0.766,0.30276887871853897,0.766,0.29253514220333976,0.766,0.33000000000000373,0.766,0.24498528931023777,0.766,0.5082984635501818,0.766,0.26809251389343547,0.766,0.24926773455377937,0.766,0.28439522719843624,0.766,0.2493609022556439,0.766,0.2575171624714012,0.766,0.2619712324289034,0.766,0.27245668519124466,113.20754716981132
0.768,0.3001945080091568,0.768,0.29660019614253547,0.768,0.33000000000000373,0.768,0.248738149722137,0.768,0.5088035305655463,0.768,0.2650081726054329,0.768,0.25414677999346535,0.768,0.28510624387055133,0.768,0.24850277868584986,0.768,0.25867767244197987,0.768,0.2644360902255689,0.768,0.27236024844721074,113.20754716981132
0.77,0.2976936907486142,0.77,0.29951454723766446,0.77,0.33000000000000373,0.77,0.25270022883295756,0.77,0.5092677345537777,0.77,0.2624632232755866,0.77,0.25646779993462243,0.77,0.28501471068977324,0.77,0.2479633867276937,0.77,0.25871853546911283,0.77,0.26569957502452274,0.77,0.2729045439686229,113.20754716981132
0.772,0.29534815299117717,0.772,0.3010738803530617,0.772,0.33000000000000373,0.772,0.25733246158876,0.772,0.5096747303040229,0.772,0.26058842759072237,0.772,0.25647597254004895,0.772,0.284465511605105,0.772,0.24766100032690913,0.772,0.25817260542661535,0.772,0.26626185027787347,0.772,0.27371363190585724,113.20754716981132
0.774,0.2932396207911118,0.774,0.30126185027787367,0.774,0.33000000000000373,0.774,0.26208564890487634,0.774,0.5100081726054285,0.774,0.2595145472376658,0.774,0.25441647597254324,0.774,0.2835240274599595,0.774,0.24751389342923016,0.774,0.25647106897679517,0.774,0.26635992154299276,0.774,0.27388525661981605,113.20754716981132
0.7759999999999999,0.29144982020268423,0.7759999999999999,0.29979895390651035,0.7759999999999999,0.33000000000000373,0.7759999999999999,0.267124877410924,0.7759999999999999,0.5102517162471415,0.7759999999999999,0.2593723439032429,0.7759999999999999,0.24885746976136316,0.7759999999999999,0.28225563909774953,0.7759999999999999,0.24939686171952094,0.7759999999999999,0.2544736842105317,0.7759999999999999,0.26624713958810553,0.7759999999999999,0.27387054593004806,113.20754716981132
0.778,0.2897809741745705,0.778,0.29713631905852084,0.778,0.33000000000000373,0.778,0.27188460281138166,0.778,0.5103890160183087,0.778,0.2593903236351815,0.778,0.24125531219353072,0.778,0.28072572736188817,0.778,0.25063582870219503,0.778,0.2524011114743434,0.778,0.26546256946715097,0.778,0.2738574697613655,113.20754716981132
0.78,0.2887495913697324,0.78,0.29391304347826586,0.78,0.33000000000000373,0.78,0.27606243870546465,0.78,0.5104037267080764,0.78,0.2593233082706833,0.78,0.2336515201046129,0.78,0.2789996730957882,0.78,0.25100032690422175,0.78,0.2507371690094858,0.78,0.2645390650539441,0.78,0.27405034324943345,113.20754716981132
0.782,0.2884210526315827,0.782,0.29007028440667376,0.782,0.33000000000000373,0.782,0.27979078130108403,0.782,0.5102795031055919,0.782,0.2593445570447924,0.782,0.2267178816606772,0.782,0.2771428571428624,0.782,0.25144164759725857,0.782,0.2492350441320749,0.782,0.2629993461915708,0.782,0.2742186989212216,113.20754716981132
0.784,0.2884096109839854,0.784,0.28584504740111655,0.784,0.33000000000000373,0.784,0.2829225237005609,0.784,0.5100000000000019,0.784,0.2593314808761099,0.784,0.22039555410265177,0.784,0.27522066034652376,0.784,0.25148251062439164,0.784,0.24735207584178398,0.784,0.26179470415168854,0.784,0.2744115724092896,113.20754716981132
0.7859999999999999,0.28904380516509043,0.7859999999999999,0.28103955541026987,0.7859999999999999,0.33000000000000373,0.7859999999999999,0.2853105590062163,0.7859999999999999,0.5100000000000019,0.7859999999999999,0.2595962732919321,0.7859999999999999,0.21516835567179216,0.7859999999999999,0.2732984635501851,0.7859999999999999,0.25064563582870686,0.7859999999999999,0.24533507682249664,0.7859999999999999,0.2600719189277592,0.7859999999999999,0.2746779993461971,113.20754716981132
0.788,0.2899215429879083,0.788,0.2761866623079489,0.788,0.33000000000000373,0.788,0.2868077803203712,0.788,0.5100000000000019,0.788,0.25972049689441656,0.788,0.2107894736842147,0.788,0.269485125858129,0.788,0.2498823144818615,0.788,0.24367767244198021,0.788,0.25767571101667713,0.788,0.2746158875449548,113.20754716981132
0.79,0.2904527623406379,0.79,0.2715560640732317,0.79,0.33000000000000373,0.79,0.2872670807453467,0.79,0.5100000000000019,0.79,0.2600000000000066,0.79,0.20772638117032127,0.79,0.2666100032690477,0.79,0.24924158221641532,0.79,0.2417554756456416,0.79,0.25532036613272824,0.79,0.27408630271331047,113.20754716981132
0.792,0.2911964694344594,0.792,0.2674338018960497,0.792,0.33000000000000373,0.792,0.2869924812030125,0.792,0.5100000000000019,0.792,0.2600000000000066,0.792,0.2059954233409653,0.792,0.26477933965348716,0.792,0.24849297155933792,0.792,0.23981366459627915,0.792,0.252710035959469,0.792,0.2733850931677074,113.20754716981132
0.794,0.2917015364498239,0.794,0.2636711343576385,0.794,0.33000000000000373,0.794,0.28647597254005075,0.794,0.5100000000000019,0.794,0.2600000000000066,0.794,0.20561294540699993,0.794,0.26408303367114005,0.794,0.24738966982674554,0.794,0.23862373324616462,0.794,0.2499836547891519,0.794,0.2720774762994497,113.20754716981132
0.7959999999999999,0.2922311212814683,0.7959999999999999,0.26084995096437275,0.7959999999999999,0.33000000000000373,0.7959999999999999,0.28596273291925955,0.7959999999999999,0.5100000000000019,0.7959999999999999,0.2600000000000066,0.7959999999999999,0.2065952925792785,0.7959999999999999,0.2645946387708459,0.7959999999999999,0.24548054919908943,0.7959999999999999,0.23822654462243154,0.7959999999999999,0.24698430859758613,0.7959999999999999,0.2704429552141278,113.20754716981132
0.798,0.2930483818241292,0.798,0.25883785550834143,0.798,0.33000000000000373,0.798,0.285279503105595,0.798,0.5100000000000019,0.798,0.2600000000000066,0.798,0.20867930696306403,0.798,0.2659202353710422,0.798,0.24344720496894895,0.798,0.24081072245832558,0.798,0.24498365478915196,0.798,0.2684815299117415,113.20754716981132
0.8,0.293702190258258,0.8,0.2577819548872235,0.8,0.33000000000000373,0.8,0.28500000000000497,0.8,0.5100000000000019,0.8,0.2600000000000066,0.8,0.21231611637790546,0.8,0.26836384439359845,0.8,0.2413958810068699,0.8,0.24302059496568107,0.8,0.2454413206930422,0.8,0.26619320039229066,113.20754716981132
0.802,0.2941925465838546,0.802,0.25782935599869783,0.802,0.33000000000000373,0.802,0.28500000000000497,0.802,0.5100000000000019,0.802,0.2600000000000066,0.802,0.21750572082380282,0.802,0.2716541353383517,0.802,0.239416475972545,0.802,0.2487038247793456,0.802,0.24695979078130642,0.802,0.2664367440340036,113.20754716981132
0.804,0.294519450800919,0.804,0.2586760379208947,0.804,0.33000000000000373,0.804,0.28500000000000497,0.804,0.5100000000000019,0.804,0.2600000000000066,0.804,0.22424812030075603,0.804,0.27593821510298067,0.804,0.23786204642040376,0.804,0.2576479241582276,0.804,0.24997384766264014,0.804,0.26654462242563476,113.20754716981132
0.8059999999999999,0.2946829029094512,0.8059999999999999,0.2589277541680343,0.8059999999999999,0.33000000000000373,0.8059999999999999,0.28500000000000497,0.8059999999999999,0.5100000000000019,0.8059999999999999,0.2600000000000066,0.8059999999999999,0.23254331480876514,0.8059999999999999,0.28133050016345795,0.8059999999999999,0.23708564890487593,0.8059999999999999,0.2646779993461975,0.8059999999999999,0.25446714612619037,0.8059999999999999,0.2661376266753896,113.20754716981132
0.8079999999999999,0.29468290290945126,0.8079999999999999,0.259316770186341,0.8079999999999999,0.33000000000000373,0.8079999999999999,0.28500000000000497,0.8079999999999999,0.5100000000000019,0.8079999999999999,0.2600000000000066,0.8079999999999999,0.24239130434783018,0.8079999999999999,0.28791271657404965,0.8079999999999999,0.23853056554430047,0.8079999999999999,0.2724762994442686,0.8079999999999999,0.26042334096110364,0.8079999999999999,0.2653955541026535,113.20754716981132
0.81,0.29423994769532896,0.81,0.2597204968944155,0.81,0.33000000000000373,0.81,0.28500000000000497,0.81,0.5100000000000019,0.81,0.2600000000000066,0.81,0.24657404380516912,0.81,0.2943805165086687,0.81,0.24106243870546426,0.81,0.2806505393919639,0.81,0.264217064400136,0.81,0.2642186989212216,113.20754716981132
0.812,0.2937888198757801,0.812,0.26000000000000556,0.812,0.33000000000000373,0.812,0.28500000000000497,0.812,0.5100000000000019,0.812,0.2600000000000066,0.812,0.24930205949657147,0.812,0.3020987250735593,0.812,0.2446649231775139,0.812,0.2888084341288059,0.812,0.2679372343903288,0.812,0.2623193854200775,113.20754716981132
0.8140000000000001,0.2933131742399514,0.8140000000000001,0.26000000000000556,0.8140000000000001,0.33000000000000373,0.8140000000000001,0.28500000000000497,0.8140000000000001,0.5100000000000019,0.8140000000000001,0.25972049689441656,0.8140000000000001,0.2503138280483857,0.8140000000000001,0.3104118993135067,0.8140000000000001,0.24932167374959624,0.8140000000000001,0.2965576985943173,0.8140000000000001,0.27143674403400314,0.8140000000000001,0.2594851258581292,113.20754716981132
0.816,0.2927966655769897,0.816,0.2602795031055956,0.816,0.33000000000000373,0.816,0.28500000000000497,0.816,0.5100000000000019,0.816,0.2593167701863421,0.816,0.2493478260869603,0.816,0.319378881987583,0.816,0.25501634521085803,0.816,0.30485943118666764,0.816,0.27456848643348003,0.816,0.25637299771167615,113.20754716981132
0.818,0.29222294867604165,0.818,0.2604037267080801,0.818,0.33000000000000373,0.818,0.28500000000000497,0.818,0.5100000000000019,0.818,0.2589277541680353,0.818,0.24884929715593704,0.818,0.3286073880353109,0.818,0.258574697613604,0.818,0.3129830009807178,0.818,0.27718535469108047,0.818,0.25308107224583776,113.20754716981132
0.8200000000000001,0.29202680614580295,0.8200000000000001,0.26038901601831216,0.8200000000000001,0.33000000000000373,0.8200000000000001,0.28500000000000497,0.8200000000000001,0.5100000000000019,0.8200000000000001,0.2583965348153058,0.8200000000000001,0.24923340961098772,0.8200000000000001,0.3377051323962131,0.8200000000000001,0.2618224910101387,0.8200000000000001,0.31825760052305185,0.8200000000000001,0.2795913697286744,0.8200000000000001,0.24970742072573324,113.20754716981132
0.8220000000000001,0.2919287348806836,0.8220000000000001,0.26025171624714516,0.8220000000000001,0.33000000000000373,0.8220000000000001,0.28500000000000497,0.8220000000000001,0.5100000000000019,0.8220000000000001,0.2582641386073947,0.8220000000000001,0.24947204968944467,0.8220000000000001,0.3462798300098121,0.8220000000000001,0.26462896371363653,0.8220000000000001,0.3240062111801293,0.8220000000000001,0.28137626675384597,0.8220000000000001,0.24635011441648189,113.20754716981132
0.8240000000000001,0.2919287348806836,0.8240000000000001,0.26000817260543213,0.8240000000000001,0.33000000000000373,0.8240000000000001,0.28500000000000497,0.8240000000000001,0.5100000000000019,0.8240000000000001,0.2588836220987318,0.8240000000000001,0.24967146126185394,0.8240000000000001,0.3539391958156308,0.8240000000000001,0.26686335403727174,0.8240000000000001,0.33022229486760873,0.8240000000000001,0.27828048381824627,0.8240000000000001,0.24310722458320308,113.20754716981132
0.826,0.2917473030402129,0.826,0.2596747303040266,0.826,0.33000000000000373,0.826,0.28500000000000497,0.826,0.5100000000000019,0.826,0.26015691402419766,0.826,0.24995423340961465,0.826,0.360290944753192,0.826,0.2683949002942184,0.826,0.33708728342596106,0.826,0.2774730304020973,0.826,0.24007682249101614,113.20754716981132
0.828,0.2918192219679671,0.828,0.25926773455378144,0.828,0.33000000000000373,0.828,0.28500000000000497,0.828,0.5100000000000019,0.828,0.261985943118673,0.828,0.2500081726054303,0.828,0.36494279176201827,0.828,0.26999509643674857,0.828,0.34363354037267557,0.828,0.27856162144492186,0.828,0.2373569794050403,113.20754716981132
0.8300000000000001,0.29212814645309293,0.8300000000000001,0.25880353056555,0.8300000000000001,0.33000000000000373,0.8300000000000001,0.28500000000000497,0.8300000000000001,0.5100000000000019,0.8300000000000001,0.2648316443282186,0.8300000000000001,0.2452206603465224,0.8300000000000001,0.37066034651847446,0.8300000000000001,0.27100686498856286,0.8300000000000001,0.3500114416476019,0.8300000000000001,0.2816050997057914,0.8300000000000001,0.23504576659039508,113.20754716981132
0.8320000000000001,0.2926577312847373,0.8320000000000001,0.25829846355018543,0.8320000000000001,0.33000000000000373,0.8320000000000001,0.28500000000000497,0.8320000000000001,0.5100000000000019,0.8320000000000001,0.26856489048709387,0.8320000000000001,0.24312193527296905,0.8320000000000001,0.37314481856816406,0.8320000000000001,0.2713321346845419,0.8320000000000001,0.356124550506706,0.8320000000000001,0.2859480222294919,0.8320000000000001,0.23324125531219964,113.20754716981132
0.8340000000000001,0.2936711343576369,0.8340000000000001,0.25776887871854115,0.8340000000000001,0.33000000000000373,0.8340000000000001,0.28500000000000497,0.8340000000000001,0.5100000000000019,0.8340000000000001,0.2718159529257993,0.8340000000000001,0.24340143837855918,0.8340000000000001,0.3762193527296546,0.8340000000000001,0.26657240928408443,0.8340000000000001,0.3615380843412923,0.8340000000000001,0.2916655769859482,0.8340000000000001,0.23204151683557328,113.20754716981132
0.836,0.294996730957833,0.836,0.25723112128147024,0.836,0.33000000000000373,0.836,0.285559006211185,0.836,0.5100000000000019,0.836,0.2748479895390715,0.836,0.24574861065708162,0.836,0.379663288656428,0.836,0.2642088917947089,0.836,0.3656783262504128,0.836,0.29856979405034817,0.836,0.23154462242563545,113.20754716981132
0.838,0.29619973847663,0.838,0.2567015364498259,0.838,0.33000000000000373,0.838,0.2866459627329241,0.838,0.5100000000000019,0.838,0.2772098725073617,0.838,0.24985289310232509,0.838,0.3832723112128189,0.838,0.26406995750245665,0.838,0.3682674076495627,0.838,0.30694017652828204,0.838,0.23184864334750538,113.20754716981132
0.84,0.29684537430533225,0.84,0.25619646943446145,0.84,0.33000000000000373,0.84,0.2869892121608418,0.84,0.5100000000000019,0.84,0.27890160183067,0.84,0.2558548545276274,0.84,0.38685845047401535,0.84,0.26600032690422193,0.84,0.36966655769859824,0.84,0.31506864988558825,0.84,0.23305165086630242,113.20754716981132
0.8420000000000001,0.29721314154952966,0.8420000000000001,0.25573226544622996,0.8420000000000001,0.33000000000000373,0.8420000000000001,0.2866704805492039,0.8420000000000001,0.5100000000000019,0.8420000000000001,0.27992317750899626,0.8420000000000001,0.2631807780320405,0.8420000000000001,0.39080908793723856,0.8420000000000001,0.2698610657077525,0.8420000000000001,0.37426610003269417,0.8420000000000001,0.32394900294214257,0.8420000000000001,0.23525171624714583,113.20754716981132
0.8440000000000001,0.2973030402092224,0.8440000000000001,0.25504576659039474,0.8440000000000001,0.33000000000000373,0.8440000000000001,0.2857714939522768,0.8440000000000001,0.5100000000000019,0.8440000000000001,0.2802745995423404,0.8440000000000001,0.27125694671461636,0.8440000000000001,0.3945505067015404,0.8440000000000001,0.27552958483164913,0.8440000000000001,0.37772965021249144,0.8440000000000001,0.33367276887872305,0.8440000000000001,0.23538901601831294,113.20754716981132
0.846,0.29711507028441025,0.846,0.2543085975809145,0.846,0.33000000000000373,0.846,0.28325596600196634,0.846,0.5100000000000019,0.846,0.2793968617195225,0.846,0.27966492317751257,0.846,0.3981644328211873,0.846,0.28244851258581705,0.846,0.3800408630271367,0.846,0.34361719516182193,0.846,0.23540372670808077,113.20754716981132
0.848,0.2966492317750936,0.848,0.2525580254985348,0.848,0.33000000000000373,0.848,0.2806652500817311,0.848,0.5100000000000019,0.848,0.27732101994116354,0.848,0.28868421052631926,0.848,0.4023242889833316,0.848,0.2897809741745715,0.848,0.3811833932657767,0.848,0.35343903236352164,0.848,0.2352795031055963,113.20754716981132
0.85,0.295626021575682,0.85,0.2519516181758804,0.85,0.33000000000000373,0.85,0.2781709709055297,0.85,0.5100000000000019,0.85,0.2753187316116441,0.85,0.2984063419418145,0.85,0.40630761686826117,0.85,0.2975596600196188,0.85,0.38114089571755827,0.85,0.36279503105590466,0.85,0.2350000000000063,113.20754716981132
0.8520000000000001,0.2943723439032401,0.8520000000000001,0.252391304347832,0.8520000000000001,0.33000000000000373,0.8520000000000001,0.27620791108205806,0.8520000000000001,0.5100000000000019,0.8520000000000001,0.2733082706766981,0.8520000000000001,0.30847172278522716,0.8520000000000001,0.41032690421706786,0.8520000000000001,0.30606407322654916,0.8520000000000001,0.37989702517162827,0.8520000000000001,0.37134194181105323,0.8520000000000001,0.2350000000000063,113.20754716981132
0.8540000000000001,0.2934782608695689,0.8540000000000001,0.25377901274927034,0.8540000000000001,0.33000000000000373,0.8540000000000001,0.27448022229487273,0.8540000000000001,0.5100000000000019,0.8540000000000001,0.27120791108205944,0.8540000000000001,0.3185207584177867,0.8540000000000001,0.41512258908140254,0.8540000000000001,0.3153857469761403,0.8540000000000001,0.3774354364171333,0.8540000000000001,0.3787365152010498,0.8540000000000001,0.2350000000000063,113.20754716981132
0.856,0.2929110820529622,0.856,0.2565756783262562,0.856,0.33000000000000373,0.856,0.27340634194181623,0.856,0.5100000000000019,0.856,0.26938705459301077,0.856,0.32819385420072217,0.856,0.41887381497221643,0.856,0.3251650866296217,0.856,0.37373978424322035,0.856,0.3846355017979768,0.856,0.2350000000000063,113.20754716981132
0.858,0.2926381170317135,0.858,0.2599215429879103,0.858,0.33000000000000373,0.858,0.27295357960118205,0.858,0.5100000000000019,0.858,0.2687904543968682,0.858,0.3371314154952627,0.858,0.42130107878391954,0.858,0.33504249754822246,0.858,0.368793723439036,0.858,0.38869565217391655,0.858,0.2350000000000063,113.20754716981132
0.86,0.2926266753841162,0.86,0.2637038247793453,0.86,0.33000000000000373,0.86,0.2730892448512638,0.86,0.5100000000000019,0.86,0.26851585485453405,0.86,0.3449738476626375,0.86,0.42240438051651186,0.86,0.3446583850931716,0.86,0.36258090879372706,0.86,0.3897352075841812,0.86,0.2350000000000063,113.20754716981132
0.8620000000000001,0.2936825760052341,0.8620000000000001,0.2675629290617904,0.8620000000000001,0.33000000000000373,0.8620000000000001,0.27461915658712516,0.8620000000000001,0.5100000000000019,0.8620000000000001,0.26904707420726365,0.8620000000000001,0.35136155606407576,0.8620000000000001,0.4221837201699934,0.8620000000000001,0.3536531546256984,0.8620000000000001,0.3591451454723803,0.8620000000000001,0.3887152664269402,0.8620000000000001,0.2350000000000063,113.20754716981132
0.8640000000000001,0.29446878064727405,0.8640000000000001,0.27061294540700126,0.8640000000000001,0.33000000000000373,0.8640000000000001,0.2770447858777429,0.8640000000000001,0.5100000000000019,0.8640000000000001,0.269906832298143,0.8640000000000001,0.3556554429552166,0.8640000000000001,0.42063909774436414,0.8640000000000001,0.361667211507032,0.8640000000000001,0.35610166721151076,0.8640000000000001,0.38524354364171615,0.8640000000000001,0.2350000000000063,113.20754716981132
0.866,0.29500163452108896,0.866,0.27287021902583086,0.866,0.33000000000000373,0.866,0.2790781301078834,0.866,0.5100000000000019,0.866,0.27091369728670134,0.866,0.35793069630598473,0.866,0.41777051323962405,0.866,0.36834096109840164,0.866,0.3535812356979443,0.866,0.3867685518143216,0.866,0.2350000000000063,113.20754716981132
0.868,0.29574861065708113,0.868,0.2743510951291326,0.868,0.33000000000000373,0.868,0.28078457012095953,0.868,0.5100000000000019,0.868,0.272165740438058,0.868,0.3578113762667561,0.868,0.4135779666557731,0.868,0.3727558025498563,0.868,0.35171461261850656,0.868,0.38859594638771155,0.868,0.2350000000000063,113.20754716981132
0.87,0.2964628963713668,0.87,0.2750719189277597,0.87,0.33000000000000373,0.87,0.2822294867603842,0.87,0.5100000000000019,0.87,0.2737610330173323,0.87,0.3549215429879067,0.87,0.40806145799281146,0.87,0.3754217064400163,0.87,0.350450682041071,0.87,0.3906113108859136,0.87,0.2350000000000063,113.20754716981132
0.872,0.2971771820856525,0.872,0.274490029421385,0.872,0.33000000000000373,0.872,0.28236024844721,0.872,0.5100000000000019,0.872,0.27489539065054575,0.872,0.35700555737169215,0.872,0.40122098725073885,0.872,0.3756668846028146,0.872,0.3495333689956115,0.872,0.39201729620493925,0.872,0.2350000000000063,113.20754716981132
0.8740000000000001,0.2976446551160547,0.8740000000000001,0.27209382151030304,0.8740000000000001,0.33000000000000373,0.8740000000000001,0.2827018633540423,0.8740000000000001,0.5100000000000019,0.8740000000000001,0.2748398169336448,0.8740000000000001,0.35895063746322536,0.8740000000000001,0.3971167048054954,0.8740000000000001,0.37353383458646916,0.8740000000000001,0.34893528287120956,0.8740000000000001,0.3935092920047154,0.8740000000000001,0.2350000000000063,113.20754716981132
0.876,0.2978816606734264,0.876,0.27004086302713864,0.876,0.33000000000000373,0.876,0.2836891140895768,0.876,0.5100000000000019,0.876,0.2744491663942529,0.876,0.36067505720824,0.876,0.39338018960444937,0.876,0.3762830990519807,0.876,0.3486290330569506,0.876,0.3951287309182047,0.876,0.2350000000000063,113.20754716981132
0.878,0.2977165740438088,0.878,0.2682330827067726,0.878,0.33000000000000373,0.878,0.2844033998038626,0.878,0.5100000000000019,0.878,0.2732886564236742,0.878,0.36209709055247014,0.878,0.39015854854527976,0.878,0.37857811524859586,0.878,0.34858722894191985,0.878,0.3969170455783728,0.878,0.2350000000000063,113.20754716981132
0.88,0.2974125531219389,0.88,0.26657240928408543,0.88,0.33000000000000373,0.88,0.2840013076168733,0.88,0.5100000000000019,0.88,0.27163779012749906,0.88,0.36272355790662425,0.88,0.3875988885256655,0.88,0.3807960365340229,0.88,0.34878247991520284,0.88,0.3989156686181859,0.88,0.2350000000000063,113.20754716981132
0.882,0.29695325269696343,0.882,0.264960771493958,0.882,0.33000000000000373,0.882,0.28322327558026006,0.882,0.5100000000000019,0.882,0.2694965675057272,0.882,0.3631760643373915,0.882,0.38584831644328577,0.882,0.38292975521808487,0.882,0.3491873953658849,0.882,0.40116603267060946,0.882,0.2350000000000063,113.20754716981132
0.8840000000000001,0.2960428244524391,0.8840000000000001,0.2646976135992211,0.8840000000000001,0.33000000000000373,0.8840000000000001,0.2819712324289034,0.8840000000000001,0.5100000000000019,0.8840000000000001,0.26658548545276883,0.8840000000000001,0.3634989317826846,0.8840000000000001,0.38463669054058064,0.8840000000000001,0.38497216361060765,0.8840000000000001,0.34977458468305134,0.8840000000000001,0.4037095703686093,0.8840000000000001,0.2350000000000063,113.20754716981132
0.886,0.2950997057862083,0.886,0.26396207911082614,0.886,0.33000000000000373,0.886,0.280147106897684,0.886,0.5100000000000019,0.886,0.2630598234717293,0.886,0.3637364821804181,0.886,0.38381026677365343,0.886,0.3869161540214173,0.886,0.3505166572557874,0.886,0.40658771434515145,0.886,0.2350000000000063,113.20754716981132
0.888,0.29409120627656465,0.888,0.2632052958483219,0.888,0.33000000000000373,0.888,0.2794573389996781,0.888,0.5100000000000019,0.888,0.26024027459954874,0.888,0.3639330374685066,0.888,0.3833329866167394,0.888,0.3887546187603397,0.888,0.35138622247317874,0.888,0.4098418972332016,0.888,0.23499999999999988,113.20754716981132
